ID,RER
C7G051,0.008
Q55FM3,0.008
Q55GC0,0.008
Q8T2R4,0.008
O97113,0.009
Q54I60,0.009
Q54MI7,0.009
Q54UI3,0.009
Q54UP4,0.009
Q54X02,0.009
Q54Z26,0.009
Q55DU1,0.009
P05095,0.01
P83401,0.01
Q551B0,0.01
Q55GV2,0.01
Q95UQ1,0.01
P07830,0.011
P54638,0.011
Q54FU0,0.011
Q54JF5,0.011
Q54K47,0.011
Q54W72,0.011
Q55F83,0.011
Q55FF3,0.011
Q86A17,0.011
P26199,0.012
P34121,0.012
Q54KD9,0.012
Q54KT5,0.012
Q54RX6,0.012
Q54SQ6,0.012
Q54UQ4,0.012
Q54WL7,0.012
Q55CT9,0.012
Q55DV9,0.012
Q5FXM5,0.012
Q6IMN8,0.012
Q75JD5,0.012
Q75JL7,0.012
Q76NV5,0.012
Q86KC1,0.012
P29447,0.013
Q1ZXI0,0.013
Q54C73,0.013
Q54CJ3,0.013
Q54ID4,0.013
Q54NE6,0.013
Q54QX0,0.013
Q54ZX6,0.013
Q55CJ3,0.013
Q75JX0,0.013
Q94465,0.013
Q964D8,0.013
P02886,0.014
P10819,0.014
P13466,0.014
P54657,0.014
Q54D66,0.014
Q54DU8,0.014
Q54J34,0.014
Q54NJ8,0.014
Q54QE7,0.014
Q54QR2,0.014
Q54RK5,0.014
Q54TC2,0.014
Q54TI0,0.014
Q54VC9,0.014
Q54X03,0.014
Q54YX6,0.014
Q554S6,0.014
Q556N9,0.014
Q556Q0,0.014
Q86A67,0.014
Q86IC9,0.014
Q8T196,0.014
P07670,0.015
P54654,0.015
P54686,0.015
Q23921,0.015
Q54BL4,0.015
Q54JL3,0.015
Q54LR7,0.015
Q54M03,0.015
Q54ME8,0.015
Q54N71,0.015
Q54NZ7,0.015
Q54QC5,0.015
Q54T47,0.015
Q54UN6,0.015
Q54X38,0.015
Q54XK9,0.015
Q55C77,0.015
Q55E60,0.015
Q55FY3,0.015
Q75JW6,0.015
Q869S9,0.015
Q86H88,0.015
Q86I47,0.015
P15808,0.016
P16643,0.016
P54651,0.016
Q54E73,0.016
Q54GJ2,0.016
Q54JS0,0.016
Q54LG3,0.016
Q54LS2,0.016
Q54MZ9,0.016
Q54NG9,0.016
Q54RE8,0.016
Q54RW1,0.016
Q54TE4,0.016
Q54TE6,0.016
Q54UQ2,0.016
Q54VU3,0.016
Q54YY5,0.016
Q555P2,0.016
Q557D2,0.016
Q55DU3,0.016
Q869T1,0.016
Q869T9,0.016
Q86IC8,0.016
Q967U1,0.016
Q9NHF6,0.016
O96626,0.017
P09556,0.017
P13651,0.017
P34120,0.017
P42530,0.017
P54680,0.017
Q54BK9,0.017
Q54BQ5,0.017
Q54G06,0.017
Q54IA7,0.017
Q54JJ5,0.017
Q54LV8,0.017
Q54M58,0.017
Q54MZ6,0.017
Q54QI4,0.017
Q54RL8,0.017
Q54S93,0.017
Q54SX7,0.017
Q54VN6,0.017
Q54XV3,0.017
Q54YD4,0.017
Q551I6,0.017
Q553E0,0.017
Q55EK9,0.017
Q55FT9,0.017
Q55GV7,0.017
Q75JC8,0.017
Q86L42,0.017
Q8WSR7,0.017
B0G141,0.018
O96625,0.018
P02889,0.018
P08800,0.018
P0C8Z5,0.018
P0DJ26,0.018
P13021,0.018
P52922,0.018
Q00766,0.018
Q54BL9,0.018
Q54D63,0.018
Q54DF9,0.018
Q54EY7,0.018
Q54FY1,0.018
Q54L73,0.018
Q54LN4,0.018
Q54MB5,0.018
Q54PD4,0.018
Q54PP5,0.018
Q54PW3,0.018
Q54Q04,0.018
Q54Q47,0.018
Q54TB7,0.018
Q54TG6,0.018
Q54U57,0.018
Q54UF3,0.018
Q54WR9,0.018
Q54X53,0.018
Q553U6,0.018
Q556J0,0.018
Q55FM5,0.018
Q55GT3,0.018
Q75JY8,0.018
Q86KU2,0.018
Q8MTJ7,0.018
Q9GRF8,0.018
B0G144,0.019
B0G192,0.019
C7G007,0.019
P13022,0.019
P54653,0.019
Q1ZXF7,0.019
Q27563,0.019
Q54DX3,0.019
Q54EU2,0.019
Q54F87,0.019
Q54FX4,0.019
Q54FY3,0.019
Q54G53,0.019
Q54GQ3,0.019
Q54HW1,0.019
Q54HZ2,0.019
Q54J58,0.019
Q54J99,0.019
Q54JP5,0.019
Q54KR1,0.019
Q54KW1,0.019
Q54LX0,0.019
Q54NR0,0.019
Q54QG9,0.019
Q54TF0,0.019
Q54WB6,0.019
Q54X49,0.019
Q54X76,0.019
Q558Y7,0.019
Q55BU2,0.019
Q55CB3,0.019
Q55CQ6,0.019
Q55CT4,0.019
Q55CY3,0.019
Q55DL0,0.019
Q55DP8,0.019
Q55E06,0.019
Q75JQ1,0.019
Q7Z1Z9,0.019
Q869K3,0.019
Q869N4,0.019
Q86A21,0.019
Q86HF4,0.019
Q86IL5,0.019
Q86IX8,0.019
Q8MYE8,0.019
Q94469,0.019
B0G0Z4,0.02
C7FZZ0,0.02
O60952,0.02
O96622,0.02
Q1ZXC9,0.02
Q1ZXD3,0.02
Q1ZXQ1,0.02
Q54BC6,0.02
Q54BX0,0.02
Q54ER6,0.02
Q54F07,0.02
Q54FW5,0.02
Q54J66,0.02
Q54JC8,0.02
Q54JD4,0.02
Q54JM3,0.02
Q54KN3,0.02
Q54KN7,0.02
Q54KQ5,0.02
Q54LW1,0.02
Q54M71,0.02
Q54NR1,0.02
Q54P93,0.02
Q54PM8,0.02
Q54R44,0.02
Q54TC5,0.02
Q54TY4,0.02
Q54U54,0.02
Q54UX5,0.02
Q54X73,0.02
Q54Z20,0.02
Q553B6,0.02
Q555A3,0.02
Q55AS0,0.02
Q55BE2,0.02
Q55C16,0.02
Q55F34,0.02
Q86I26,0.02
Q86KZ6,0.02
Q8N0B4,0.02
C7G020,0.021
O76856,0.021
P02887,0.021
P32073,0.021
P34118,0.021
P34119,0.021
P54640,0.021
Q54B13,0.021
Q54BC8,0.021
Q54DD0,0.021
Q54EQ2,0.021
Q54FF8,0.021
Q54G58,0.021
Q54I82,0.021
Q54JE5,0.021
Q54JY6,0.021
Q54JZ3,0.021
Q54KZ1,0.021
Q54N38,0.021
Q54N83,0.021
Q54P64,0.021
Q54PU1,0.021
Q54Q23,0.021
Q54Q51,0.021
Q54RP3,0.021
Q54TU2,0.021
Q54TY9,0.021
Q54U72,0.021
Q54UB1,0.021
Q550D2,0.021
Q551M3,0.021
Q557H1,0.021
Q55CY7,0.021
Q55FH7,0.021
Q55FM6,0.021
Q55G04,0.021
Q7KWR1,0.021
Q869S8,0.021
Q86AS6,0.021
Q8T137,0.021
Q9XY92,0.021
O00897,0.022
O15692,0.022
O76187,0.022
P54201,0.022
P54661,0.022
Q54CJ9,0.022
Q54DA8,0.022
Q54E20,0.022
Q54EU8,0.022
Q54F16,0.022
Q54GW3,0.022
Q54K21,0.022
Q54KB8,0.022
Q54KH4,0.022
Q54M64,0.022
Q54MG6,0.022
Q54N75,0.022
Q54P58,0.022
Q54PX6,0.022
Q54RF5,0.022
Q54TD0,0.022
Q54UB5,0.022
Q54UF7,0.022
Q54UI9,0.022
Q54V77,0.022
Q54VG7,0.022
Q54XC1,0.022
Q54XR4,0.022
Q54Y20,0.022
Q54Z01,0.022
Q552U9,0.022
Q555N6,0.022
Q555Q9,0.022
Q556G3,0.022
Q558Z0,0.022
Q55AP4,0.022
Q55C75,0.022
Q55CS1,0.022
Q55E21,0.022
Q55FM2,0.022
Q55GC5,0.022
Q75JW5,0.022
Q76NU8,0.022
Q76P36,0.022
Q7KWR5,0.022
Q7Z1I0,0.022
Q86HU9,0.022
Q86KT5,0.022
Q8SSU2,0.022
Q94497,0.022
Q9GPM4,0.022
Q9GS21,0.022
B0G172,0.023
O96623,0.023
P14794,0.023
P36415,0.023
P54632,0.023
Q27562,0.023
Q54CY3,0.023
Q54DA9,0.023
Q54DU2,0.023
Q54EF9,0.023
Q54ER1,0.023
Q54F90,0.023
Q54FR0,0.023
Q54I85,0.023
Q54IS1,0.023
Q54K67,0.023
Q54LY3,0.023
Q54MG7,0.023
Q54MM9,0.023
Q54PT7,0.023
Q54PV7,0.023
Q54Q07,0.023
Q54QN6,0.023
Q54S90,0.023
Q54SU6,0.023
Q54SZ5,0.023
Q54TI4,0.023
Q54U07,0.023
Q54VM2,0.023
Q54VR1,0.023
Q54W07,0.023
Q54WI4,0.023
Q54WI8,0.023
Q54WS7,0.023
Q54YQ9,0.023
Q54ZT0,0.023
Q550A8,0.023
Q550R2,0.023
Q55D17,0.023
Q55F85,0.023
Q55G10,0.023
Q65YR8,0.023
Q6RYT0,0.023
Q6TMK3,0.023
Q75K16,0.023
Q869Z5,0.023
Q86B09,0.023
Q86CR9,0.023
Q86HB8,0.023
Q86HW7,0.023
Q86IF6,0.023
Q8T293,0.023
Q9U9A3,0.023
B0G106,0.024
P14325,0.024
P90532,0.024
Q03409,0.024
Q1ZXG4,0.024
Q54BS2,0.024
Q54CI8,0.024
Q54EF2,0.024
Q54GP0,0.024
Q54GP1,0.024
Q54JE8,0.024
Q54L70,0.024
Q54MM6,0.024
Q54MQ7,0.024
Q54Q68,0.024
Q54RL3,0.024
Q54RN3,0.024
Q54SV3,0.024
Q54T94,0.024
Q54TR8,0.024
Q54TW3,0.024
Q54UJ7,0.024
Q54VL5,0.024
Q54YD2,0.024
Q54Z69,0.024
Q554D9,0.024
Q556R9,0.024
Q558X5,0.024
Q55BV5,0.024
Q55C21,0.024
Q55C72,0.024
Q55D87,0.024
Q55DY7,0.024
Q55EJ0,0.024
Q55G28,0.024
Q86IV4,0.024
Q86J12,0.024
Q86JG3,0.024
Q86JG4,0.024
Q86KD1,0.024
Q86L14,0.024
Q8TA03,0.024
Q9XZE5,0.024
P21900,0.025
P42528,0.025
Q54CI6,0.025
Q54CX7,0.025
Q54DZ8,0.025
Q54E36,0.025
Q54E83,0.025
Q54GK6,0.025
Q54HL6,0.025
Q54HW8,0.025
Q54I41,0.025
Q54IS3,0.025
Q54JM5,0.025
Q54L40,0.025
Q54NY7,0.025
Q54T48,0.025
Q54UH8,0.025
Q54VI3,0.025
Q54X51,0.025
Q54XE5,0.025
Q54XE7,0.025
Q54YZ0,0.025
Q551D4,0.025
Q552S7,0.025
Q553W9,0.025
Q55BH4,0.025
Q55C09,0.025
Q55CP6,0.025
Q55D50,0.025
Q55DB4,0.025
Q55E81,0.025
Q55ED0,0.025
Q55FA6,0.025
Q55GV5,0.025
Q58A40,0.025
Q7KWQ2,0.025
Q86AQ3,0.025
Q86IK2,0.025
Q86IW0,0.025
Q86J04,0.025
C7FZY2,0.026
C7G046,0.026
P14327,0.026
P20054,0.026
P26200,0.026
P42521,0.026
Q54BB6,0.026
Q54CF7,0.026
Q54E53,0.026
Q54EI4,0.026
Q54F39,0.026
Q54FW2,0.026
Q54GR2,0.026
Q54GT6,0.026
Q54J23,0.026
Q54K00,0.026
Q54KI0,0.026
Q54LN9,0.026
Q54LY4,0.026
Q54MI6,0.026
Q54PH8,0.026
Q54R13,0.026
Q54RR8,0.026
Q54RT9,0.026
Q54S92,0.026
Q54VI4,0.026
Q54VT9,0.026
Q54XF3,0.026
Q54YE7,0.026
Q54YS0,0.026
Q550I1,0.026
Q553C7,0.026
Q556N5,0.026
Q55BC4,0.026
Q55BD4,0.026
Q55CT2,0.026
Q55CW5,0.026
Q55DZ8,0.026
Q55FT1,0.026
Q86H45,0.026
O96621,0.027
P14330,0.027
P34101,0.027
P34113,0.027
P42520,0.027
P54639,0.027
Q54BG2,0.027
Q54BI8,0.027
Q54BL8,0.027
Q54D80,0.027
Q54DD6,0.027
Q54DN5,0.027
Q54ER7,0.027
Q54J13,0.027
Q54J47,0.027
Q54JB0,0.027
Q54JS9,0.027
Q54MX6,0.027
Q54N17,0.027
Q54NW6,0.027
Q54PJ6,0.027
Q54PN7,0.027
Q54PV8,0.027
Q54QQ0,0.027
Q54QS2,0.027
Q54QX3,0.027
Q54R90,0.027
Q54RD5,0.027
Q54TD3,0.027
Q54UC5,0.027
Q54UG3,0.027
Q54UI8,0.027
Q54UJ0,0.027
Q54VC6,0.027
Q54WW4,0.027
Q54X06,0.027
Q54XM7,0.027
Q54YF1,0.027
Q54YF8,0.027
Q55AB5,0.027
Q55BE6,0.027
Q55C82,0.027
Q55CF8,0.027
Q55DQ4,0.027
Q55GJ6,0.027
Q5XM24,0.027
Q75JG8,0.027
Q86AX3,0.027
Q86J17,0.027
Q86JH5,0.027
Q86KL9,0.027
Q94490,0.027
P02599,0.028
P10733,0.028
P14132,0.028
P16168,0.028
P27133,0.028
Q1ZXG8,0.028
Q54EP8,0.028
Q54ES3,0.028
Q54ES9,0.028
Q54FK1,0.028
Q54G47,0.028
Q54G61,0.028
Q54HC2,0.028
Q54HD4,0.028
Q54HG2,0.028
Q54IF5,0.028
Q54II8,0.028
Q54IN4,0.028
Q54MJ2,0.028
Q54NQ0,0.028
Q54P82,0.028
Q54PC2,0.028
Q54PC6,0.028
Q54QE4,0.028
Q54TI6,0.028
Q54TL8,0.028
Q54TS3,0.028
Q54VG4,0.028
Q54W38,0.028
Q54WD2,0.028
Q54X65,0.028
Q54X95,0.028
Q54Y28,0.028
Q54Z09,0.028
Q551I8,0.028
Q553M7,0.028
Q555E5,0.028
Q556S7,0.028
Q559N8,0.028
Q55BM4,0.028
Q55BN7,0.028
Q55CR9,0.028
Q55CS2,0.028
Q55DB6,0.028
Q55FE0,0.028
Q55GS5,0.028
Q7KWL4,0.028
Q869X1,0.028
Q86AH5,0.028
Q86AV6,0.028
Q86IJ1,0.028
Q8T8M2,0.028
Q95UC5,0.028
Q9NH02,0.028
Q9Y0B7,0.028
B0G0Z0,0.029
B0G124,0.029
P11872,0.029
P46794,0.029
P51405,0.029
Q54DP1,0.029
Q54FB4,0.029
Q54G99,0.029
Q54IK9,0.029
Q54JH2,0.029
Q54KV5,0.029
Q54L12,0.029
Q54LV1,0.029
Q54M16,0.029
Q54M70,0.029
Q54ND1,0.029
Q54ND4,0.029
Q54NL3,0.029
Q54Q03,0.029
Q54Q61,0.029
Q54QD9,0.029
Q54R56,0.029
Q54RD6,0.029
Q54RH6,0.029
Q54RI2,0.029
Q54RM1,0.029
Q54RW5,0.029
Q54TL3,0.029
Q54UU3,0.029
Q54UZ4,0.029
Q54V55,0.029
Q54VI5,0.029
Q54VX7,0.029
Q54XH6,0.029
Q557J6,0.029
Q55AH5,0.029
Q55CC9,0.029
Q55CV0,0.029
Q55CX9,0.029
Q55GU2,0.029
Q75JM6,0.029
Q7Z203,0.029
Q86A92,0.029
Q86HV6,0.029
Q86I29,0.029
Q86I82,0.029
Q86IV7,0.029
Q86K69,0.029
Q86L26,0.029
Q8T2U3,0.029
Q8T849,0.029
C7FZZ5,0.03
C7G023,0.03
P20425,0.03
P22887,0.03
P34124,0.03
Q3ZE13,0.03
Q54D73,0.03
Q54EW2,0.03
Q54F74,0.03
Q54F82,0.03
Q54FM3,0.03
Q54GN5,0.03
Q54J69,0.03
Q54K32,0.03
Q54K39,0.03
Q54K46,0.03
Q54K95,0.03
Q54LX4,0.03
Q54MA6,0.03
Q54N35,0.03
Q54PG1,0.03
Q54PK7,0.03
Q54Q83,0.03
Q54R55,0.03
Q54RF3,0.03
Q54S02,0.03
Q54TF6,0.03
Q54TS5,0.03
Q54WP6,0.03
Q54X87,0.03
Q54XS1,0.03
Q54XT5,0.03
Q54Y40,0.03
Q54ZI7,0.03
Q552E2,0.03
Q552J0,0.03
Q553T6,0.03
Q555X7,0.03
Q556G1,0.03
Q556K1,0.03
Q55BJ6,0.03
Q55BN3,0.03
Q55CQ5,0.03
Q55CQ7,0.03
Q55CT5,0.03
Q55F77,0.03
Q55F79,0.03
Q869W9,0.03
Q86A85,0.03
Q86CR8,0.03
Q86IZ4,0.03
Q86L27,0.03
Q8T1G5,0.03
O00780,0.031
O15818,0.031
P08799,0.031
P48160,0.031
P54648,0.031
P54703,0.031
Q1ZXD5,0.031
Q1ZXH5,0.031
Q54BP5,0.031
Q54CB5,0.031
Q54CR6,0.031
Q54CR8,0.031
Q54DS8,0.031
Q54E45,0.031
Q54F41,0.031
Q54FA0,0.031
Q54FY2,0.031
Q54G44,0.031
Q54GQ2,0.031
Q54IF7,0.031
Q54IU3,0.031
Q54J10,0.031
Q54JL8,0.031
Q54LW6,0.031
Q54MT4,0.031
Q54PF3,0.031
Q54QA3,0.031
Q54R91,0.031
Q54SN5,0.031
Q54TQ8,0.031
Q54UX0,0.031
Q54V72,0.031
Q54VL9,0.031
Q54XG5,0.031
Q54Y09,0.031
Q54YE9,0.031
Q54Z13,0.031
Q54ZP3,0.031
Q54ZS5,0.031
Q54ZW5,0.031
Q552L7,0.031
Q554J3,0.031
Q556D1,0.031
Q559E5,0.031
Q55CJ6,0.031
Q55GV3,0.031
Q5TJ65,0.031
Q7KWK5,0.031
Q86KK2,0.031
Q86KQ6,0.031
Q8I7P3,0.031
Q8MML6,0.031
P14329,0.032
P90526,0.032
Q54BN4,0.032
Q54BQ3,0.032
Q54CH2,0.032
Q54CJ8,0.032
Q54CT3,0.032
Q54DM7,0.032
Q54E24,0.032
Q54FG5,0.032
Q54FX0,0.032
Q54FX9,0.032
Q54JX0,0.032
Q54KT7,0.032
Q54L19,0.032
Q54MZ5,0.032
Q54N39,0.032
Q54NF8,0.032
Q54NI9,0.032
Q54PA8,0.032
Q54PA9,0.032
Q54PM7,0.032
Q54QR9,0.032
Q54RC0,0.032
Q54RF4,0.032
Q54RS3,0.032
Q54S85,0.032
Q54SB4,0.032
Q54TJ7,0.032
Q54VZ4,0.032
Q54Y41,0.032
Q54YN2,0.032
Q54ZD1,0.032
Q550Z8,0.032
Q553N8,0.032
Q557E0,0.032
Q55B94,0.032
Q55BB0,0.032
Q55D33,0.032
Q55DC0,0.032
Q55GN3,0.032
Q71A38,0.032
Q7KWU6,0.032
Q86AP7,0.032
Q86HD1,0.032
Q86K01,0.032
Q86L45,0.032
O44007,0.033
Q23919,0.033
Q54C02,0.033
Q54CC7,0.033
Q54EW3,0.033
Q54EZ0,0.033
Q54GD3,0.033
Q54GR3,0.033
Q54I40,0.033
Q54IJ3,0.033
Q54J70,0.033
Q54NK8,0.033
Q54QH4,0.033
Q54QR4,0.033
Q54S89,0.033
Q54SM3,0.033
Q54ZV8,0.033
Q551A1,0.033
Q554H5,0.033
Q559F4,0.033
Q55C81,0.033
Q55GC4,0.033
Q55GQ6,0.033
Q76NU7,0.033
Q86IE7,0.033
Q86JJ0,0.033
Q8MUF9,0.033
Q8T2A7,0.033
C7G014,0.034
P09402,0.034
P13023,0.034
Q23917,0.034
Q54BK2,0.034
Q54CB1,0.034
Q54CW1,0.034
Q54EH1,0.034
Q54EU3,0.034
Q54G80,0.034
Q54GC8,0.034
Q54GP8,0.034
Q54IR0,0.034
Q54J22,0.034
Q54JC6,0.034
Q54KI3,0.034
Q54KI4,0.034
Q54KV3,0.034
Q54L65,0.034
Q54LA0,0.034
Q54NG2,0.034
Q54P12,0.034
Q54PF9,0.034
Q54Q82,0.034
Q54QF3,0.034
Q54RN2,0.034
Q54SX6,0.034
Q54T61,0.034
Q54VG2,0.034
Q54XI5,0.034
Q54XR2,0.034
Q54XX3,0.034
Q54Y98,0.034
Q54Z60,0.034
Q54ZS3,0.034
Q550F6,0.034
Q556G2,0.034
Q556Y1,0.034
Q557C7,0.034
Q557J8,0.034
Q55B10,0.034
Q55CA0,0.034
Q55DA3,0.034
Q55EG0,0.034
Q6UK63,0.034
Q75JH9,0.034
Q75JS7,0.034
Q869N9,0.034
Q86AD7,0.034
Q86KF5,0.034
Q8MLZ3,0.034
P11874,0.035
Q1ZXE8,0.035
Q54C42,0.035
Q54DB2,0.035
Q54E37,0.035
Q54EN8,0.035
Q54EV3,0.035
Q54FR8,0.035
Q54FT2,0.035
Q54GS9,0.035
Q54HT4,0.035
Q54KY8,0.035
Q54LF7,0.035
Q54MB4,0.035
Q54N49,0.035
Q54NH4,0.035
Q54PJ5,0.035
Q54PS4,0.035
Q54PY1,0.035
Q54QL3,0.035
Q54QM8,0.035
Q54RN9,0.035
Q54SA0,0.035
Q54WT5,0.035
Q54WU6,0.035
Q54ZE3,0.035
Q54ZI6,0.035
Q556V7,0.035
Q557D6,0.035
Q557E4,0.035
Q55A45,0.035
Q55AQ9,0.035
Q55CB2,0.035
Q55DS6,0.035
Q55EC6,0.035
Q55EE0,0.035
Q55EU7,0.035
Q55FK4,0.035
Q55FM7,0.035
Q55G99,0.035
Q55GT4,0.035
Q7M438,0.035
Q869N7,0.035
Q86AA1,0.035
Q86HL1,0.035
C7G074,0.036
P0CC06,0.036
P27685,0.036
P90521,0.036
Q54BZ9,0.036
Q54CU6,0.036
Q54DA5,0.036
Q54EP4,0.036
Q54FQ8,0.036
Q54GY0,0.036
Q54HN9,0.036
Q54I75,0.036
Q54IB5,0.036
Q54IQ3,0.036
Q54IV5,0.036
Q54J50,0.036
Q54J53,0.036
Q54K41,0.036
Q54ML1,0.036
Q54NF2,0.036
Q54NU9,0.036
Q54PX9,0.036
Q54Q39,0.036
Q54Q48,0.036
Q54QV1,0.036
Q54SC9,0.036
Q54UR0,0.036
Q54X50,0.036
Q54XF7,0.036
Q54YS6,0.036
Q54YT1,0.036
Q54YX5,0.036
Q55A19,0.036
Q55CE9,0.036
Q55D51,0.036
Q55DZ1,0.036
Q55G30,0.036
Q55GG3,0.036
Q76NX0,0.036
Q7KWL8,0.036
Q869Q3,0.036
Q869Q8,0.036
Q869U7,0.036
Q86K41,0.036
Q86KU6,0.036
Q86L23,0.036
Q86LA4,0.036
Q8T1E3,0.036
Q8T1V4,0.036
Q9BIW4,0.036
P14326,0.037
P14797,0.037
P46800,0.037
P54659,0.037
Q23892,0.037
Q54C12,0.037
Q54C24,0.037
Q54CU8,0.037
Q54DR0,0.037
Q54DW0,0.037
Q54EJ4,0.037
Q54EP5,0.037
Q54EP7,0.037
Q54HW3,0.037
Q54I62,0.037
Q54I80,0.037
Q54I97,0.037
Q54JV5,0.037
Q54KF0,0.037
Q54L35,0.037
Q54L37,0.037
Q54MA5,0.037
Q54ML6,0.037
Q54NW3,0.037
Q54PQ8,0.037
Q54RH9,0.037
Q54RI9,0.037
Q54RJ2,0.037
Q54S04,0.037
Q54SD4,0.037
Q54SH1,0.037
Q54T59,0.037
Q54TC4,0.037
Q54TC6,0.037
Q54TQ2,0.037
Q54UJ1,0.037
Q54VT7,0.037
Q54WU2,0.037
Q54YY7,0.037
Q54Z24,0.037
Q552Y8,0.037
Q555H5,0.037
Q55B20,0.037
Q55BH2,0.037
Q55BR0,0.037
Q55DB8,0.037
Q55DH6,0.037
Q55DS4,0.037
Q55FF1,0.037
Q55G71,0.037
Q55GR8,0.037
Q6DN52,0.037
Q75JF5,0.037
Q7YXU4,0.037
Q86AS5,0.037
Q86HG0,0.037
C7G000,0.038
C7G068,0.038
P52285,0.038
Q54C92,0.038
Q54DI2,0.038
Q54EH6,0.038
Q54ET9,0.038
Q54EV5,0.038
Q54F51,0.038
Q54FR1,0.038
Q54J08,0.038
Q54JI8,0.038
Q54K53,0.038
Q54PU9,0.038
Q54Q25,0.038
Q54Q34,0.038
Q54RY8,0.038
Q54S82,0.038
Q54VF3,0.038
Q54VI2,0.038
Q54VQ9,0.038
Q54WN0,0.038
Q54WP9,0.038
Q54X96,0.038
Q54Z72,0.038
Q552E3,0.038
Q553R3,0.038
Q556Q1,0.038
Q55A48,0.038
Q55BE3,0.038
Q55BJ2,0.038
Q55BS9,0.038
Q55BX1,0.038
Q55CF6,0.038
Q55D56,0.038
Q55DB1,0.038
Q55FK9,0.038
Q86JA1,0.038
Q86KF9,0.038
Q8T294,0.038
Q95YH0,0.038
C7G005,0.039
P13833,0.039
P15112,0.039
P25323,0.039
P34109,0.039
P54647,0.039
P90529,0.039
Q54B43,0.039
Q54BH5,0.039
Q54BK1,0.039
Q54D13,0.039
Q54FJ9,0.039
Q54GD0,0.039
Q54HD0,0.039
Q54HN4,0.039
Q54I94,0.039
Q54J26,0.039
Q54JJ7,0.039
Q54JL5,0.039
Q54KS8,0.039
Q54LU5,0.039
Q54LX5,0.039
Q54LZ4,0.039
Q54MH2,0.039
Q54MK8,0.039
Q54N29,0.039
Q54N45,0.039
Q54NH0,0.039
Q54P24,0.039
Q54PS8,0.039
Q54Q99,0.039
Q54QZ5,0.039
Q54R74,0.039
Q54TR1,0.039
Q54UG4,0.039
Q54UP5,0.039
Q54WH0,0.039
Q54WV4,0.039
Q54XP2,0.039
Q54YA3,0.039
Q54YR7,0.039
Q550K0,0.039
Q550U9,0.039
Q553Z8,0.039
Q556H9,0.039
Q557B6,0.039
Q55B11,0.039
Q55B86,0.039
Q55BA2,0.039
Q55BZ4,0.039
Q55DE9,0.039
Q55F07,0.039
Q55FK1,0.039
Q55G87,0.039
Q55GD0,0.039
Q55GP3,0.039
Q55GR5,0.039
Q75K24,0.039
Q76NU3,0.039
Q86A78,0.039
Q86J03,0.039
Q8SSN5,0.039
P13723,0.04
P24005,0.04
Q1ZXE2,0.04
Q54BI5,0.04
Q54BL7,0.04
Q54EY2,0.04
Q54FJ5,0.04
Q54GN9,0.04
Q54JG6,0.04
Q54K57,0.04
Q54K76,0.04
Q54KM0,0.04
Q54KR9,0.04
Q54MS1,0.04
Q54NF1,0.04
Q54NU0,0.04
Q54PS7,0.04
Q54QC3,0.04
Q54RX1,0.04
Q54TA6,0.04
Q54UM1,0.04
Q54VA8,0.04
Q54VD6,0.04
Q54VT1,0.04
Q54WE3,0.04
Q54WI0,0.04
Q54WL9,0.04
Q54WM0,0.04
Q54ZS8,0.04
Q551R4,0.04
Q553Q9,0.04
Q553X7,0.04
Q55A74,0.04
Q55BC6,0.04
Q55DL2,0.04
Q55ET7,0.04
Q55GQ5,0.04
Q869L6,0.04
Q86JE1,0.04
Q8T6B4,0.04
Q8T8P2,0.04
C7G034,0.041
O15746,0.041
P34098,0.041
P34102,0.041
P34138,0.041
P34150,0.041
Q23924,0.041
Q54D06,0.041
Q54DP0,0.041
Q54KZ2,0.041
Q54MA4,0.041
Q54P29,0.041
Q54QG5,0.041
Q54R15,0.041
Q54R88,0.041
Q54SD3,0.041
Q54X83,0.041
Q54X84,0.041
Q54XS0,0.041
Q553T4,0.041
Q554G7,0.041
Q555K4,0.041
Q556J8,0.041
Q556Y2,0.041
Q559W7,0.041
Q55C63,0.041
Q55D63,0.041
Q55DB7,0.041
Q55F84,0.041
Q55F94,0.041
Q55G89,0.041
Q75K27,0.041
Q7YSW8,0.041
Q86A77,0.041
Q86AS1,0.041
Q86AW9,0.041
Q86IZ8,0.041
Q86K42,0.041
P0CT31,0.042
P34122,0.042
Q54BU3,0.042
Q54BW5,0.042
Q54C05,0.042
Q54E29,0.042
Q54H27,0.042
Q54J74,0.042
Q54J82,0.042
Q54JI0,0.042
Q54JK8,0.042
Q54K18,0.042
Q54K20,0.042
Q54K81,0.042
Q54LY5,0.042
Q54N50,0.042
Q54NB3,0.042
Q54PZ2,0.042
Q54QU9,0.042
Q54R48,0.042
Q54RI8,0.042
Q54SH6,0.042
Q54SI2,0.042
Q54U46,0.042
Q54U83,0.042
Q54UC9,0.042
Q54WT9,0.042
Q54XD8,0.042
Q54Y67,0.042
Q54YG3,0.042
Q553C3,0.042
Q553P2,0.042
Q555L8,0.042
Q55AR8,0.042
Q55BM6,0.042
Q55BY1,0.042
Q55C41,0.042
Q55D66,0.042
Q55E13,0.042
Q55E54,0.042
Q55E68,0.042
Q55GC9,0.042
Q7Z2B8,0.042
Q86A05,0.042
Q86A14,0.042
Q86A97,0.042
Q86I34,0.042
Q8I0F4,0.042
Q8T199,0.042
P34092,0.043
P46793,0.043
Q54BU8,0.043
Q54C74,0.043
Q54DZ0,0.043
Q54HG6,0.043
Q54HV0,0.043
Q54LC7,0.043
Q54MR1,0.043
Q54PQ4,0.043
Q54Q72,0.043
Q54R05,0.043
Q54RV7,0.043
Q54T87,0.043
Q54TA5,0.043
Q54UL7,0.043
Q54Z22,0.043
Q552B4,0.043
Q553S2,0.043
Q553U5,0.043
Q559T9,0.043
Q55AN3,0.043
Q55B56,0.043
Q55BA4,0.043
Q55BT0,0.043
Q55BW3,0.043
Q55BZ5,0.043
Q55DK1,0.043
Q55FE3,0.043
Q55FU0,0.043
Q55GE5,0.043
Q75JR3,0.043
Q75K18,0.043
Q86IE2,0.043
Q86JN6,0.043
Q86KE7,0.043
Q86L03,0.043
B0G102,0.044
B0G167,0.044
P34036,0.044
P51136,0.044
Q54CK9,0.044
Q54DN6,0.044
Q54G74,0.044
Q54IX7,0.044
Q54J98,0.044
Q54LC4,0.044
Q54LQ6,0.044
Q54MA9,0.044
Q54N41,0.044
Q54N82,0.044
Q54NF6,0.044
Q54PH6,0.044
Q54SI1,0.044
Q54SP2,0.044
Q54SU3,0.044
Q54U01,0.044
Q54U74,0.044
Q54VK5,0.044
Q54WF2,0.044
Q551W8,0.044
Q554G3,0.044
Q556K0,0.044
Q557J3,0.044
Q55BU7,0.044
Q55CR6,0.044
Q55D55,0.044
Q55EI6,0.044
Q55EU1,0.044
Q75JT0,0.044
Q7KWW9,0.044
Q869N2,0.044
Q86HU8,0.044
Q86I59,0.044
Q86KL4,0.044
Q8T2H0,0.044
Q9GPT6,0.044
B0G125,0.045
Q03479,0.045
Q54BB4,0.045
Q54BC2,0.045
Q54BD4,0.045
Q54CL2,0.045
Q54E71,0.045
Q54F80,0.045
Q54GZ7,0.045
Q54HL0,0.045
Q54IR8,0.045
Q54LU2,0.045
Q54MY5,0.045
Q54NS6,0.045
Q54PR4,0.045
Q54QJ2,0.045
Q54QZ3,0.045
Q54RE6,0.045
Q54SA7,0.045
Q54SF2,0.045
Q54UF1,0.045
Q54VC4,0.045
Q54VY1,0.045
Q54WG0,0.045
Q54WG8,0.045
Q54WU3,0.045
Q54X17,0.045
Q54XH4,0.045
Q54XK3,0.045
Q55DE7,0.045
Q55F29,0.045
Q75JX1,0.045
Q76NZ7,0.045
Q86A12,0.045
Q86A88,0.045
Q86AF8,0.045
Q86I75,0.045
Q86IW8,0.045
Q94480,0.045
Q9XZJ3,0.045
B0G198,0.046
P42522,0.046
P54644,0.046
Q54BW6,0.046
Q54C25,0.046
Q54CA7,0.046
Q54D72,0.046
Q54DM1,0.046
Q54EQ6,0.046
Q54G77,0.046
Q54GV0,0.046
Q54H23,0.046
Q54HF1,0.046
Q54HR6,0.046
Q54IH4,0.046
Q54J00,0.046
Q54JF0,0.046
Q54K37,0.046
Q54LE3,0.046
Q54LG7,0.046
Q54N08,0.046
Q54P42,0.046
Q54PD3,0.046
Q54PP6,0.046
Q54Q30,0.046
Q54QD6,0.046
Q54TH4,0.046
Q54UD6,0.046
Q54VA7,0.046
Q54W05,0.046
Q54WF4,0.046
Q54WH2,0.046
Q553R1,0.046
Q557E8,0.046
Q55BI3,0.046
Q55BK0,0.046
Q55BX3,0.046
Q55E88,0.046
Q55G97,0.046
Q55GG1,0.046
Q75K28,0.046
Q86A73,0.046
Q86B07,0.046
Q86HM4,0.046
Q8MNM6,0.046
Q94504,0.046
C7G044,0.047
O00899,0.047
O77082,0.047
P07828,0.047
P36416,0.047
Q54BJ4,0.047
Q54C34,0.047
Q54CP2,0.047
Q54D71,0.047
Q54E38,0.047
Q54EV7,0.047
Q54F23,0.047
Q54G31,0.047
Q54HT3,0.047
Q54I13,0.047
Q54I57,0.047
Q54IT0,0.047
Q54JQ2,0.047
Q54MB1,0.047
Q54MP9,0.047
Q54ND2,0.047
Q54NK1,0.047
Q54PL3,0.047
Q54PQ2,0.047
Q54Q46,0.047
Q54TQ4,0.047
Q54VS8,0.047
Q54WY2,0.047
Q54X16,0.047
Q54YA7,0.047
Q551Y6,0.047
Q55A09,0.047
Q55B25,0.047
Q55BA7,0.047
Q55CQ8,0.047
Q55FR9,0.047
Q55G48,0.047
Q55GD9,0.047
Q55GH3,0.047
Q75JD4,0.047
Q75JH8,0.047
Q76P29,0.047
Q7YZN9,0.047
Q86H29,0.047
Q86I40,0.047
Q8T158,0.047
Q9BMX0,0.047
O96904,0.048
P07829,0.048
P34123,0.048
Q1ZXG7,0.048
Q1ZXI5,0.048
Q1ZXJ2,0.048
Q54C48,0.048
Q54CU7,0.048
Q54DL9,0.048
Q54EU6,0.048
Q54I79,0.048
Q54I81,0.048
Q54IP0,0.048
Q54L71,0.048
Q54MH8,0.048
Q54N90,0.048
Q54NJ5,0.048
Q54NU7,0.048
Q54NX4,0.048
Q54QM7,0.048
Q54TI7,0.048
Q54UT6,0.048
Q54VL6,0.048
Q54VM3,0.048
Q54VM4,0.048
Q54XJ0,0.048
Q54Y13,0.048
Q553P3,0.048
Q556T3,0.048
Q55BD5,0.048
Q55E34,0.048
Q55EX5,0.048
Q55GU1,0.048
Q86HR3,0.048
Q86HS8,0.048
Q86K90,0.048
Q86KZ5,0.048
Q86L51,0.048
Q8T2F3,0.048
C0HLF1,0.049
O61125,0.049
Q1ZXK3,0.049
Q54B82,0.049
Q54BQ8,0.049
Q54CK8,0.049
Q54E01,0.049
Q54E51,0.049
Q54EX3,0.049
Q54EY5,0.049
Q54F59,0.049
Q54G75,0.049
Q54GY1,0.049
Q54H55,0.049
Q54HY5,0.049
Q54IJ9,0.049
Q54J54,0.049
Q54K75,0.049
Q54N52,0.049
Q54PM0,0.049
Q54PP7,0.049
Q54R72,0.049
Q54SG7,0.049
Q54U70,0.049
Q54UU1,0.049
Q54UU8,0.049
Q54VE3,0.049
Q54VP8,0.049
Q54W50,0.049
Q54Y97,0.049
Q54YU7,0.049
Q54YZ6,0.049
Q54ZC6,0.049
Q553B4,0.049
Q553E8,0.049
Q553H6,0.049
Q553V7,0.049
Q55EP7,0.049
B0G191,0.05
P24639,0.05
Q1ZXF6,0.05
Q54B75,0.05
Q54BH6,0.05
Q54CB2,0.05
Q54CL0,0.05
Q54CU3,0.05
Q54CW0,0.05
Q54D00,0.05
Q54DL6,0.05
Q54EP6,0.05
Q54HA7,0.05
Q54HB8,0.05
Q54IK0,0.05
Q54K59,0.05
Q54KM5,0.05
Q54L99,0.05
Q54LP2,0.05
Q54MY6,0.05
Q54N51,0.05
Q54NG1,0.05
Q54NT3,0.05
Q54P14,0.05
Q54P63,0.05
Q54Q71,0.05
Q54R71,0.05
Q54RY6,0.05
Q54S43,0.05
Q54T05,0.05
Q54T13,0.05
Q54TQ1,0.05
Q54TV3,0.05
Q54WG1,0.05
Q54WW1,0.05
Q54XQ1,0.05
Q54YK5,0.05
Q553U9,0.05
Q556T2,0.05
Q55BQ1,0.05
Q55BU3,0.05
Q55CJ7,0.05
Q55EX7,0.05
Q5R1U3,0.05
Q76NZ9,0.05
Q86IC6,0.05
Q86J23,0.05
Q86JC5,0.05
Q86JM3,0.05
Q86K39,0.05
Q86L37,0.05
Q8MMQ1,0.05
O96624,0.051
P42525,0.051
Q54E64,0.051
Q54EG3,0.051
Q54ET7,0.051
Q54F30,0.051
Q54FU3,0.051
Q54GL1,0.051
Q54MF0,0.051
Q54NC5,0.051
Q54NF3,0.051
Q54NT1,0.051
Q54P51,0.051
Q54PZ3,0.051
Q54SU1,0.051
Q54VS0,0.051
Q54W06,0.051
Q54WH4,0.051
Q54WZ0,0.051
Q54XS9,0.051
Q54YD8,0.051
Q54YE6,0.051
Q54ZB5,0.051
Q555G0,0.051
Q556J3,0.051
Q55BQ2,0.051
Q55DV8,0.051
Q55E42,0.051
Q55EZ6,0.051
Q55FU3,0.051
Q55G16,0.051
Q55GL2,0.051
Q75JI3,0.051
Q86AZ8,0.051
Q86HD4,0.051
Q8MY12,0.051
Q94503,0.051
A0A2C9SN78,0.052
P19198,0.052
Q54C16,0.052
Q54DZ5,0.052
Q54EY3,0.052
Q54FG7,0.052
Q54GL8,0.052
Q54H53,0.052
Q54IQ5,0.052
Q54JG7,0.052
Q54L90,0.052
Q54LL7,0.052
Q54MJ6,0.052
Q54ND3,0.052
Q54P30,0.052
Q54QK4,0.052
Q54SJ7,0.052
Q54TT8,0.052
Q54U61,0.052
Q54UC1,0.052
Q54Z61,0.052
Q553S1,0.052
Q556W4,0.052
Q557H3,0.052
Q55AH8,0.052
Q55CK7,0.052
Q55CU4,0.052
Q55D99,0.052
Q55ED2,0.052
Q55EQ6,0.052
Q55F76,0.052
Q55F80,0.052
Q55FJ2,0.052
Q55G01,0.052
Q55G93,0.052
Q55GC7,0.052
Q75JA4,0.052
Q86A24,0.052
Q86I20,0.052
Q86IV5,0.052
Q8MP80,0.052
Q8T295,0.052
Q9GPR7,0.052
B0G131,0.053
P22683,0.053
P34099,0.053
Q1ZXK2,0.053
Q54BV6,0.053
Q54CS2,0.053
Q54CT2,0.053
Q54CX0,0.053
Q54DK0,0.053
Q54DW7,0.053
Q54EY4,0.053
Q54FV4,0.053
Q54G86,0.053
Q54GE1,0.053
Q54HI0,0.053
Q54K42,0.053
Q54N57,0.053
Q54P70,0.053
Q54PJ1,0.053
Q54QI6,0.053
Q54RD4,0.053
Q54RZ4,0.053
Q54SX2,0.053
Q54U04,0.053
Q54VQ0,0.053
Q54XY4,0.053
Q54Y82,0.053
Q54YD1,0.053
Q550P6,0.053
Q552D9,0.053
Q552I0,0.053
Q556S3,0.053
Q559C4,0.053
Q55BF2,0.053
Q55C80,0.053
Q55DQ5,0.053
Q55FT7,0.053
Q75JJ6,0.053
Q75JP6,0.053
Q86AW2,0.053
Q86I66,0.053
Q86IF1,0.053
Q8IS19,0.053
Q8T1P1,0.053
B0G156,0.054
B0G186,0.054
C7G006,0.054
P14197,0.054
Q54D70,0.054
Q54DT3,0.054
Q54ED4,0.054
Q54EJ3,0.054
Q54ES8,0.054
Q54F26,0.054
Q54FL3,0.054
Q54FY6,0.054
Q54GI7,0.054
Q54GU2,0.054
Q54HE0,0.054
Q54HP3,0.054
Q54J03,0.054
Q54JK4,0.054
Q54KD0,0.054
Q54LU1,0.054
Q54MB8,0.054
Q54MF6,0.054
Q54MP2,0.054
Q54N99,0.054
Q54NZ5,0.054
Q54QI3,0.054
Q54QK5,0.054
Q54R54,0.054
Q54RB7,0.054
Q54SD6,0.054
Q54SF6,0.054
Q54U84,0.054
Q54UJ3,0.054
Q54UQ7,0.054
Q54V69,0.054
Q54YJ6,0.054
Q551C2,0.054
Q552W4,0.054
Q556Y9,0.054
Q55C67,0.054
Q55CM9,0.054
Q55CT8,0.054
Q55DA6,0.054
Q55EA2,0.054
Q55EE4,0.054
Q55EZ0,0.054
Q55FN5,0.054
Q55GB9,0.054
Q55GN8,0.054
Q76NV3,0.054
Q76NW9,0.054
Q86CS2,0.054
Q86JB0,0.054
Q86JI9,0.054
Q86K21,0.054
Q8T662,0.054
Q9BIW5,0.054
Q1ZXQ0,0.055
Q54CH6,0.055
Q54CT0,0.055
Q54G21,0.055
Q54GF5,0.055
Q54GY3,0.055
Q54H07,0.055
Q54HF5,0.055
Q54HH7,0.055
Q54IF1,0.055
Q54JK3,0.055
Q54JZ6,0.055
Q54KD5,0.055
Q54KL2,0.055
Q54LJ4,0.055
Q54N48,0.055
Q54NZ1,0.055
Q54RD1,0.055
Q54RX5,0.055
Q54S08,0.055
Q54SV8,0.055
Q54V94,0.055
Q54VE0,0.055
Q54VW7,0.055
Q54WF0,0.055
Q551A6,0.055
Q551U4,0.055
Q553Q6,0.055
Q55A01,0.055
Q55BN5,0.055
Q55BX4,0.055
Q55CS4,0.055
Q55DN7,0.055
Q55DZ0,0.055
Q55FR3,0.055
Q75JE2,0.055
Q86A79,0.055
Q86IE5,0.055
Q8IS15,0.055
Q94489,0.055
Q9XXV8,0.055
B0G128,0.056
P51173,0.056
Q1ZXD7,0.056
Q1ZXP5,0.056
Q54BQ2,0.056
Q54C46,0.056
Q54DG0,0.056
Q54GK5,0.056
Q54HZ4,0.056
Q54IE5,0.056
Q54IX5,0.056
Q54IZ9,0.056
Q54JS5,0.056
Q54NB4,0.056
Q54QH5,0.056
Q54S74,0.056
Q54SK8,0.056
Q54T71,0.056
Q54TF8,0.056
Q54TG0,0.056
Q54TJ6,0.056
Q54TT4,0.056
Q54U23,0.056
Q54Y39,0.056
Q54ZB3,0.056
Q551A9,0.056
Q551N6,0.056
Q551X5,0.056
Q553B1,0.056
Q553Q8,0.056
Q556T7,0.056
Q556Z0,0.056
Q557H9,0.056
Q55AQ4,0.056
Q55BF3,0.056
Q55BQ9,0.056
Q55CI8,0.056
Q55CV3,0.056
Q55CZ6,0.056
Q55DM8,0.056
Q55GK2,0.056
Q55GP2,0.056
Q55GT9,0.056
Q5TJ57,0.056
Q6TU48,0.056
Q75JA0,0.056
Q869K7,0.056
Q86IG9,0.056
Q9GSG9,0.056
O60999,0.057
P32256,0.057
P33519,0.057
Q1ZXH0,0.057
Q54C50,0.057
Q54DN3,0.057
Q54DV9,0.057
Q54GG9,0.057
Q54GJ6,0.057
Q54HP2,0.057
Q54HX9,0.057
Q54IH8,0.057
Q54J73,0.057
Q54J89,0.057
Q54JY2,0.057
Q54JZ0,0.057
Q54K12,0.057
Q54NT2,0.057
Q54PT9,0.057
Q54PU3,0.057
Q54RX0,0.057
Q54W95,0.057
Q54XU5,0.057
Q54Y24,0.057
Q54Y26,0.057
Q54Z21,0.057
Q550E9,0.057
Q550R6,0.057
Q551J8,0.057
Q552L5,0.057
Q553B3,0.057
Q55A46,0.057
Q55BQ0,0.057
Q55BS7,0.057
Q55CH6,0.057
Q55CN0,0.057
Q55DS0,0.057
Q55EJ4,0.057
Q55FH8,0.057
Q5TJ56,0.057
Q7KWW8,0.057
Q7Z202,0.057
Q86AF2,0.057
Q86AR1,0.057
Q86AU4,0.057
Q86HP6,0.057
Q8T2I0,0.057
Q95VZ3,0.057
Q9BI24,0.057
B0G164,0.058
P34117,0.058
Q54BA2,0.058
Q54CS6,0.058
Q54DU0,0.058
Q54E49,0.058
Q54FE0,0.058
Q54JK5,0.058
Q54K50,0.058
Q54LN0,0.058
Q54LZ1,0.058
Q54N32,0.058
Q54QJ8,0.058
Q54S30,0.058
Q54VG5,0.058
Q54XA9,0.058
Q54Y96,0.058
Q553E9,0.058
Q555H8,0.058
Q556I6,0.058
Q55BX7,0.058
Q55EI0,0.058
Q7KWK0,0.058
Q86HX6,0.058
Q86L05,0.058
P0CG81,0.059
P32255,0.059
P54677,0.059
Q1ZXC6,0.059
Q54C28,0.059
Q54DS4,0.059
Q54DV0,0.059
Q54F32,0.059
Q54FC2,0.059
Q54FH3,0.059
Q54FI8,0.059
Q54FY7,0.059
Q54G79,0.059
Q54GB0,0.059
Q54GZ0,0.059
Q54IY4,0.059
Q54LW0,0.059
Q54MH3,0.059
Q54MU5,0.059
Q54NU1,0.059
Q54PA0,0.059
Q54QJ0,0.059
Q54RC7,0.059
Q54TU0,0.059
Q54TZ0,0.059
Q54U49,0.059
Q54XN6,0.059
Q54XS6,0.059
Q54ZE2,0.059
Q550Y0,0.059
Q551G1,0.059
Q552Q7,0.059
Q555R9,0.059
Q55C83,0.059
Q55CE1,0.059
Q55D04,0.059
Q55DA2,0.059
Q55DE8,0.059
Q55FH3,0.059
Q6T486,0.059
Q75JD8,0.059
Q86JL6,0.059
Q86KC0,0.059
Q8IS16,0.059
Q8MP76,0.059
Q9NIF3,0.059
B0G132,0.06
B0G147,0.06
C7FZZ6,0.06
O77203,0.06
P05987,0.06
P54697,0.06
Q54B97,0.06
Q54BC4,0.06
Q54CA8,0.06
Q54DB3,0.06
Q54DD2,0.06
Q54FI6,0.06
Q54FV6,0.06
Q54G11,0.06
Q54HG4,0.06
Q54HK5,0.06
Q54IK3,0.06
Q54IN5,0.06
Q54J05,0.06
Q54KP2,0.06
Q54PR9,0.06
Q54RR7,0.06
Q54S60,0.06
Q54S68,0.06
Q54T97,0.06
Q54TH6,0.06
Q54TS6,0.06
Q54TU4,0.06
Q54UD7,0.06
Q54WI5,0.06
Q54YL2,0.06
Q551S0,0.06
Q556N3,0.06
Q556U5,0.06
Q558Z1,0.06
Q55A39,0.06
Q55AI9,0.06
Q55BB1,0.06
Q55BK2,0.06
Q55BM8,0.06
Q55F82,0.06
Q55FF9,0.06
Q55FU2,0.06
Q867W8,0.06
Q869X7,0.06
Q86A00,0.06
Q86IB4,0.06
Q8MVR1,0.06
Q8T135,0.06
Q8T1V7,0.06
Q9U9R7,0.06
Q9Y0C9,0.06
O15744,0.061
O96923,0.061
P35084,0.061
Q1ZX99,0.061
Q54AX5,0.061
Q54BP6,0.061
Q54E44,0.061
Q54EJ5,0.061
Q54F00,0.061
Q54GX3,0.061
Q54LZ3,0.061
Q54NA2,0.061
Q54PN3,0.061
Q54PX4,0.061
Q54QK1,0.061
Q54R16,0.061
Q54S17,0.061
Q54TN3,0.061
Q54TX9,0.061
Q54UF2,0.061
Q54UL8,0.061
Q54WV9,0.061
Q54XT4,0.061
Q54Y12,0.061
Q54YW8,0.061
Q54Z53,0.061
Q550H7,0.061
Q557J9,0.061
Q55C96,0.061
Q55CZ5,0.061
Q55F01,0.061
Q55F70,0.061
Q55GM4,0.061
Q75JJ3,0.061
Q75JN8,0.061
Q86H62,0.061
Q86KB3,0.061
Q86KP6,0.061
Q8T277,0.061
P22467,0.062
Q1ZXQ2,0.062
Q23911,0.062
Q54CE3,0.062
Q54CV3,0.062
Q54GE3,0.062
Q54GT9,0.062
Q54H49,0.062
Q54HE3,0.062
Q54HF6,0.062
Q54HW9,0.062
Q54J55,0.062
Q54JG9,0.062
Q54KH7,0.062
Q54L06,0.062
Q54LV5,0.062
Q54MP0,0.062
Q54P04,0.062
Q54PG0,0.062
Q54Q66,0.062
Q54SF5,0.062
Q54U79,0.062
Q54VL8,0.062
Q54VQ8,0.062
Q54W23,0.062
Q54WR2,0.062
Q54XA8,0.062
Q552T7,0.062
Q556D4,0.062
Q556H5,0.062
Q55AA6,0.062
Q55DJ6,0.062
Q55E92,0.062
Q55FT8,0.062
Q75K22,0.062
Q86H89,0.062
Q9GPF1,0.062
B0G140,0.063
C7G073,0.063
O00835,0.063
Q1ZXH8,0.063
Q54BH9,0.063
Q54EH3,0.063
Q54FV5,0.063
Q54G57,0.063
Q54GV5,0.063
Q54H96,0.063
Q54HX2,0.063
Q54LB6,0.063
Q54LJ3,0.063
Q54M50,0.063
Q54M57,0.063
Q54ND7,0.063
Q54QR7,0.063
Q54T27,0.063
Q54TM7,0.063
Q54VR4,0.063
Q54X05,0.063
Q54X70,0.063
Q54YY1,0.063
Q551H3,0.063
Q551M2,0.063
Q552R1,0.063
Q555U1,0.063
Q556G8,0.063
Q55BN0,0.063
Q55CN5,0.063
Q55D43,0.063
Q55DT5,0.063
Q55F13,0.063
Q6S001,0.063
Q86KD0,0.063
Q86KZ2,0.063
Q8WQ85,0.063
O96552,0.064
P54670,0.064
P54674,0.064
Q54AV2,0.064
Q54B72,0.064
Q54DV3,0.064
Q54GE5,0.064
Q54JB8,0.064
Q54JW7,0.064
Q54LC9,0.064
Q54LX3,0.064
Q54MR3,0.064
Q54N37,0.064
Q54NJ3,0.064
Q54PK6,0.064
Q54PN9,0.064
Q54Q15,0.064
Q54QW6,0.064
Q54RM0,0.064
Q54S59,0.064
Q54TH8,0.064
Q54TK4,0.064
Q54TN0,0.064
Q54VP7,0.064
Q54WL8,0.064
Q54X47,0.064
Q54XB0,0.064
Q54XE6,0.064
Q54XZ8,0.064
Q54YW1,0.064
Q551E0,0.064
Q55BB8,0.064
Q55EC7,0.064
Q55ED1,0.064
Q55ER7,0.064
Q55G88,0.064
Q75JP5,0.064
Q86AQ5,0.064
Q86HF6,0.064
Q86I14,0.064
Q86JJ5,0.064
Q8T2H8,0.064
B0G154,0.065
Q54B47,0.065
Q54D58,0.065
Q54EN9,0.065
Q54HH3,0.065
Q54I73,0.065
Q54J11,0.065
Q54LC8,0.065
Q54N44,0.065
Q54NV0,0.065
Q54P97,0.065
Q54R12,0.065
Q54RV6,0.065
Q54S12,0.065
Q54SU8,0.065
Q54T81,0.065
Q54UC0,0.065
Q54UG6,0.065
Q54VV0,0.065
Q54WA7,0.065
Q54XF2,0.065
Q54XN5,0.065
Q551A8,0.065
Q551B5,0.065
Q553L4,0.065
Q555Z2,0.065
Q55BS4,0.065
Q55C89,0.065
Q55C90,0.065
Q55DJ5,0.065
Q55DW2,0.065
Q55E83,0.065
Q55E90,0.065
Q55FQ0,0.065
Q55FT6,0.065
Q55GG8,0.065
Q869E1,0.065
Q86A13,0.065
Q86H44,0.065
Q86KC8,0.065
Q86KL1,0.065
C7G081,0.066
O00910,0.066
O15736,0.066
O76734,0.066
Q54B46,0.066
Q54CF8,0.066
Q54CN1,0.066
Q54DH7,0.066
Q54F78,0.066
Q54FX2,0.066
Q54GA1,0.066
Q54HV6,0.066
Q54I18,0.066
Q54IX6,0.066
Q54JA0,0.066
Q54L79,0.066
Q54LR3,0.066
Q54MT6,0.066
Q54N22,0.066
Q54NP6,0.066
Q54P73,0.066
Q54PG4,0.066
Q54PX0,0.066
Q54QB1,0.066
Q54SA9,0.066
Q54SX3,0.066
Q54TD9,0.066
Q54U94,0.066
Q54VC8,0.066
Q54W83,0.066
Q54Y84,0.066
Q54YA0,0.066
Q54YA5,0.066
Q554M4,0.066
Q557I9,0.066
Q55AN8,0.066
Q55BP7,0.066
Q55D67,0.066
Q55DP9,0.066
Q55EH4,0.066
Q55FP1,0.066
Q55FY5,0.066
Q55G42,0.066
Q55GD2,0.066
Q86HV4,0.066
Q86IC7,0.066
Q86JC8,0.066
Q8T1C6,0.066
Q9NGP4,0.066
C7G015,0.067
P0CB66,0.067
Q1ZXB1,0.067
Q54CU2,0.067
Q54DM5,0.067
Q54DT4,0.067
Q54DU5,0.067
Q54HS3,0.067
Q54J37,0.067
Q54K28,0.067
Q54L61,0.067
Q54NK4,0.067
Q54NR8,0.067
Q54PD9,0.067
Q54PG5,0.067
Q54PK2,0.067
Q54QS9,0.067
Q54SH0,0.067
Q54VB5,0.067
Q54VY3,0.067
Q54WR0,0.067
Q54XP4,0.067
Q54XX5,0.067
Q54Y50,0.067
Q54Z08,0.067
Q559A5,0.067
Q55A15,0.067
Q55AR6,0.067
Q55BQ8,0.067
Q55D32,0.067
Q55EL3,0.067
Q55GH4,0.067
Q86AS0,0.067
Q86II5,0.067
Q86K94,0.067
Q86L99,0.067
B0M0P5,0.068
O77033,0.068
Q02158,0.068
Q54BE0,0.068
Q54BF5,0.068
Q54BM2,0.068
Q54BW8,0.068
Q54CE1,0.068
Q54CS5,0.068
Q54D08,0.068
Q54DM6,0.068
Q54HJ0,0.068
Q54HY9,0.068
Q54IH7,0.068
Q54KG3,0.068
Q54QA6,0.068
Q54RP6,0.068
Q54RU0,0.068
Q54S19,0.068
Q54T18,0.068
Q54TN8,0.068
Q54UW5,0.068
Q54WB2,0.068
Q54YA2,0.068
Q54YQ6,0.068
Q556M8,0.068
Q556Z2,0.068
Q55C79,0.068
Q55CI7,0.068
Q55CK2,0.068
Q55CL5,0.068
Q55CW4,0.068
Q55ED3,0.068
Q55FT5,0.068
Q55H11,0.068
Q75J96,0.068
Q75JZ1,0.068
Q75K23,0.068
Q869V0,0.068
Q86K40,0.068
Q54BQ6,0.069
Q54DA2,0.069
Q54DK9,0.069
Q54ET6,0.069
Q54EV0,0.069
Q54FA8,0.069
Q54FZ3,0.069
Q54JL0,0.069
Q54KR7,0.069
Q54MU4,0.069
Q54NM2,0.069
Q54Q57,0.069
Q54R94,0.069
Q54UW4,0.069
Q54VZ8,0.069
Q54WA6,0.069
Q54X86,0.069
Q54Y73,0.069
Q54Y81,0.069
Q556L1,0.069
Q55AV3,0.069
Q55BS1,0.069
Q55E78,0.069
Q55EN4,0.069
Q55F86,0.069
Q55FZ2,0.069
Q55FZ4,0.069
Q86B06,0.069
Q8SSQ3,0.069
Q95YL4,0.069
Q9U1M8,0.069
Q54BY5,0.07
Q54CP4,0.07
Q54DB1,0.07
Q54E33,0.07
Q54EY8,0.07
Q54FL9,0.07
Q54HH2,0.07
Q54IA6,0.07
Q54J07,0.07
Q54K19,0.07
Q54PZ4,0.07
Q54Q08,0.07
Q54QM3,0.07
Q54QX1,0.07
Q54R84,0.07
Q54S11,0.07
Q54TB6,0.07
Q54TV5,0.07
Q54U24,0.07
Q54UM0,0.07
Q54UM3,0.07
Q54VA9,0.07
Q54VV1,0.07
Q54VX6,0.07
Q54W36,0.07
Q54XA2,0.07
Q54YK2,0.07
Q54YP1,0.07
Q552H0,0.07
Q555L9,0.07
Q555X3,0.07
Q559C0,0.07
Q55A92,0.07
Q55CR5,0.07
Q55DA9,0.07
Q55EP8,0.07
Q55FM9,0.07
Q55GN5,0.07
Q75JW3,0.07
Q869L3,0.07
Q86AE1,0.07
Q86H58,0.07
P90648,0.071
Q54B27,0.071
Q54CR3,0.071
Q54DH8,0.071
Q54DK8,0.071
Q54DT1,0.071
Q54HS9,0.071
Q54IK1,0.071
Q54KU2,0.071
Q54M34,0.071
Q54MA7,0.071
Q54N55,0.071
Q54NC8,0.071
Q54PP4,0.071
Q54PW5,0.071
Q54Q20,0.071
Q54QP0,0.071
Q54R58,0.071
Q54SJ6,0.071
Q54SQ9,0.071
Q54TW1,0.071
Q54U55,0.071
Q54VQ6,0.071
Q54VV9,0.071
Q54WD6,0.071
Q54WP8,0.071
Q54WV6,0.071
Q54WY7,0.071
Q54WZ5,0.071
Q54XN0,0.071
Q553R4,0.071
Q555G9,0.071
Q555M9,0.071
Q86HQ8,0.071
Q86I06,0.071
Q86I25,0.071
O96612,0.072
P54675,0.072
Q1ZXQ8,0.072
Q54BM4,0.072
Q54CE0,0.072
Q54CM8,0.072
Q54DI1,0.072
Q54G46,0.072
Q54J52,0.072
Q54JJ6,0.072
Q54JN7,0.072
Q54JV1,0.072
Q54K14,0.072
Q54KC6,0.072
Q54L94,0.072
Q54LB8,0.072
Q54LD6,0.072
Q54NK0,0.072
Q54Q24,0.072
Q54RY0,0.072
Q54S77,0.072
Q54T17,0.072
Q54TR9,0.072
Q54VU9,0.072
Q551Q8,0.072
Q552M8,0.072
Q553P5,0.072
Q556P6,0.072
Q55BA5,0.072
Q55BV8,0.072
Q55DL7,0.072
Q55DR6,0.072
Q55G43,0.072
Q55GA4,0.072
Q8MYE7,0.072
Q8T6B7,0.072
Q54DC6,0.073
Q54DF2,0.073
Q54DR3,0.073
Q54FS1,0.073
Q54GG5,0.073
Q54J75,0.073
Q54JA8,0.073
Q54L00,0.073
Q54L10,0.073
Q54L47,0.073
Q54N00,0.073
Q54NG6,0.073
Q54PC3,0.073
Q54PX7,0.073
Q54QI0,0.073
Q54RQ8,0.073
Q54T49,0.073
Q54TE7,0.073
Q54TI9,0.073
Q54U15,0.073
Q54W40,0.073
Q54XF5,0.073
Q54YD9,0.073
Q554I8,0.073
Q55D16,0.073
Q55D68,0.073
Q55DL8,0.073
Q55E66,0.073
Q55F14,0.073
Q55FJ0,0.073
Q55G00,0.073
Q7KWN0,0.073
Q86HT7,0.073
Q86I87,0.073
Q86JM8,0.073
Q8T127,0.073
O61122,0.074
Q1ZXC8,0.074
Q54CV2,0.074
Q54DH9,0.074
Q54EW9,0.074
Q54GV1,0.074
Q54HN5,0.074
Q54JI7,0.074
Q54MI4,0.074
Q54MK4,0.074
Q54NV1,0.074
Q54PN4,0.074
Q54Q73,0.074
Q54QS3,0.074
Q54TF7,0.074
Q54U56,0.074
Q54VI9,0.074
Q54WE5,0.074
Q54YG5,0.074
Q552Q3,0.074
Q552S3,0.074
Q554L2,0.074
Q557F4,0.074
Q55BS5,0.074
Q55CE0,0.074
Q55CL1,0.074
Q55DG0,0.074
Q55EZ4,0.074
Q55G91,0.074
Q55GU9,0.074
Q75JM8,0.074
Q7KWM9,0.074
Q86H98,0.074
Q8MN58,0.074
Q8T7K0,0.074
Q9NI62,0.074
P18160,0.075
P34045,0.075
P54671,0.075
Q03380,0.075
Q1ZXE6,0.075
Q54C77,0.075
Q54CK7,0.075
Q54CQ9,0.075
Q54EC1,0.075
Q54G78,0.075
Q54HV5,0.075
Q54JI5,0.075
Q54KL5,0.075
Q54M42,0.075
Q54NW4,0.075
Q54PB7,0.075
Q54PL8,0.075
Q54QA5,0.075
Q54QU5,0.075
Q54UA6,0.075
Q54UD1,0.075
Q54UI5,0.075
Q54W13,0.075
Q54Y47,0.075
Q54YL3,0.075
Q55BH6,0.075
Q55CB5,0.075
Q55DG8,0.075
Q55FS4,0.075
Q55G82,0.075
Q71A39,0.075
Q75JA2,0.075
Q75JF3,0.075
Q7KWX9,0.075
Q86IG6,0.075
Q8SSQ0,0.075
Q8WQ86,0.075
C7FZY1,0.076
Q54DS6,0.076
Q54DY7,0.076
Q54E86,0.076
Q54E95,0.076
Q54EP9,0.076
Q54ER9,0.076
Q54FS2,0.076
Q54IL6,0.076
Q54JB7,0.076
Q54JL1,0.076
Q54LT3,0.076
Q54QK0,0.076
Q54RK8,0.076
Q54WI1,0.076
Q54XB6,0.076
Q54YP2,0.076
Q54ZE4,0.076
Q555T2,0.076
Q556W8,0.076
Q55AW0,0.076
Q55B83,0.076
Q55BF5,0.076
Q55DH4,0.076
Q55EI2,0.076
Q55F60,0.076
Q55GV1,0.076
Q76P10,0.076
P36418,0.077
Q1ZXP1,0.077
Q54BW4,0.077
Q54C43,0.077
Q54DM4,0.077
Q54E85,0.077
Q54EF5,0.077
Q54HB4,0.077
Q54J04,0.077
Q54J12,0.077
Q54JZ9,0.077
Q54LG6,0.077
Q54M28,0.077
Q54N92,0.077
Q54N97,0.077
Q54NW7,0.077
Q54NZ9,0.077
Q54P76,0.077
Q54Q90,0.077
Q54SA5,0.077
Q54SJ5,0.077
Q54TB8,0.077
Q54VC3,0.077
Q54VM6,0.077
Q54VQ7,0.077
Q54XF8,0.077
Q54XN9,0.077
Q54Y34,0.077
Q54YF2,0.077
Q54Z23,0.077
Q551C0,0.077
Q555R1,0.077
Q558Z3,0.077
Q559F5,0.077
Q559R0,0.077
Q55GK8,0.077
Q70GP4,0.077
Q86JN1,0.077
Q86KX8,0.077
B0G145,0.078
O97101,0.078
P42527,0.078
P42529,0.078
P53766,0.078
Q1ZXF8,0.078
Q54C94,0.078
Q54F85,0.078
Q54H64,0.078
Q54IT5,0.078
Q54KV8,0.078
Q54M96,0.078
Q54MH6,0.078
Q54QT0,0.078
Q54QY2,0.078
Q54SY7,0.078
Q54UF6,0.078
Q54UN5,0.078
Q54US7,0.078
Q54VI1,0.078
Q54VX9,0.078
Q54XI9,0.078
Q54YG9,0.078
Q54Z28,0.078
Q558Z9,0.078
Q55AP6,0.078
Q55BL8,0.078
Q55EQ1,0.078
Q55ES3,0.078
Q55FL7,0.078
Q55FX4,0.078
Q55G75,0.078
Q869S5,0.078
Q86AG7,0.078
Q86IW9,0.078
Q8MMN1,0.078
A1XDC0,0.079
B0G0Z3,0.079
P0CE94,0.079
P54641,0.079
Q1ZXD6,0.079
Q54CK6,0.079
Q54G51,0.079
Q54GK9,0.079
Q54I95,0.079
Q54JG8,0.079
Q54KC7,0.079
Q54KK9,0.079
Q54KR2,0.079
Q54NJ9,0.079
Q54QG0,0.079
Q54QL8,0.079
Q54QQ7,0.079
Q54RC4,0.079
Q54T23,0.079
Q54VP0,0.079
Q54WT4,0.079
Q54XW6,0.079
Q54YA8,0.079
Q54YJ4,0.079
Q551Q1,0.079
Q552X0,0.079
Q559E8,0.079
Q55CK3,0.079
Q55D71,0.079
Q55FB8,0.079
Q75JF7,0.079
Q76P02,0.079
Q869X0,0.079
Q86HG9,0.079
Q8T2Q0,0.079
P22685,0.08
Q54B11,0.08
Q54BF3,0.08
Q54BY1,0.08
Q54C29,0.08
Q54G18,0.08
Q54GP3,0.08
Q54H21,0.08
Q54HT9,0.08
Q54IL1,0.08
Q54MM7,0.08
Q54NC6,0.08
Q54RN7,0.08
Q54SZ1,0.08
Q54VG1,0.08
Q54WF9,0.08
Q54X75,0.08
Q54Y00,0.08
Q54Y85,0.08
Q54YB4,0.08
Q552M5,0.08
Q555G2,0.08
Q557C5,0.08
Q55BR7,0.08
Q55BY0,0.08
Q55C10,0.08
Q55D97,0.08
Q55F35,0.08
Q55FJ5,0.08
Q6S003,0.08
Q75J93,0.08
Q76NU5,0.08
Q7KWT1,0.08
Q7KWW4,0.08
Q869T5,0.08
Q8I8U2,0.08
B0G107,0.081
P54673,0.081
Q54B63,0.081
Q54CV5,0.081
Q54DA3,0.081
Q54FL1,0.081
Q54G56,0.081
Q54IE1,0.081
Q54K66,0.081
Q54MN4,0.081
Q54MU8,0.081
Q54NM0,0.081
Q54QH2,0.081
Q54RA7,0.081
Q54RB2,0.081
Q54RJ5,0.081
Q54U66,0.081
Q54XX0,0.081
Q54YV5,0.081
Q551S9,0.081
Q553A3,0.081
Q553N3,0.081
Q55AL0,0.081
Q55BD9,0.081
Q55C24,0.081
Q55E49,0.081
Q55FM8,0.081
Q55GF2,0.081
Q55GV9,0.081
Q75JA1,0.081
Q7KWY0,0.081
Q869U4,0.081
Q869X3,0.081
Q86A72,0.081
Q86D86,0.081
Q8MP77,0.081
Q8T2A4,0.081
Q8T665,0.081
O00909,0.082
Q54C71,0.082
Q54CU5,0.082
Q54DI8,0.082
Q54KP3,0.082
Q54KZ7,0.082
Q54LA1,0.082
Q54PM6,0.082
Q54Q32,0.082
Q54RT3,0.082
Q54TZ3,0.082
Q54U58,0.082
Q54WV5,0.082
Q54WW0,0.082
Q54X82,0.082
Q54YQ8,0.082
Q54ZW0,0.082
Q553Q3,0.082
Q553X3,0.082
Q559P5,0.082
Q55C32,0.082
Q55CE4,0.082
Q55D07,0.082
Q55EJ1,0.082
Q55GN6,0.082
Q869T7,0.082
Q86C65,0.082
Q86KK0,0.082
Q1ZXE1,0.083
Q54DJ7,0.083
Q54DY3,0.083
Q54EF1,0.083
Q54G91,0.083
Q54H06,0.083
Q54H46,0.083
Q54IQ0,0.083
Q54J88,0.083
Q54K02,0.083
Q54KL0,0.083
Q54KM4,0.083
Q54LA6,0.083
Q54LI2,0.083
Q54LV0,0.083
Q54MR5,0.083
Q54NA0,0.083
Q54QX8,0.083
Q54R10,0.083
Q54S99,0.083
Q54SU2,0.083
Q54X62,0.083
Q54X63,0.083
Q54YQ4,0.083
Q556K7,0.083
Q55A66,0.083
Q55F97,0.083
Q55FX3,0.083
Q6B516,0.083
Q71A37,0.083
Q75JS0,0.083
Q86AC8,0.083
Q86HX9,0.083
Q86K32,0.083
Q86KG5,0.083
Q8IS20,0.083
Q8SSN9,0.083
P42524,0.084
Q54BF7,0.084
Q54D21,0.084
Q54DE4,0.084
Q54DY0,0.084
Q54FE2,0.084
Q54I64,0.084
Q54JZ4,0.084
Q54LI3,0.084
Q54LR1,0.084
Q54MB2,0.084
Q54MZ1,0.084
Q54N91,0.084
Q54PR7,0.084
Q54RZ2,0.084
Q54TB5,0.084
Q54TJ5,0.084
Q54UC2,0.084
Q54WE6,0.084
Q54XQ8,0.084
Q54YC2,0.084
Q551C3,0.084
Q552X2,0.084
Q552Z6,0.084
Q556G7,0.084
Q55B75,0.084
Q55D01,0.084
Q55D73,0.084
Q55DB9,0.084
Q55DH9,0.084
Q7KWS3,0.084
Q86IC0,0.084
Q86K63,0.084
B0G194,0.085
Q54CB3,0.085
Q54CQ8,0.085
Q54EK0,0.085
Q54ES7,0.085
Q54G90,0.085
Q54GE2,0.085
Q54I44,0.085
Q54KJ8,0.085
Q54KW6,0.085
Q54LN3,0.085
Q54LR9,0.085
Q54M02,0.085
Q54NW0,0.085
Q54Q05,0.085
Q54QC8,0.085
Q54RA4,0.085
Q54S28,0.085
Q54SJ9,0.085
Q54SL5,0.085
Q54T63,0.085
Q54TA0,0.085
Q54UJ4,0.085
Q54XV4,0.085
Q54Y92,0.085
Q54YS7,0.085
Q54ZB6,0.085
Q552P3,0.085
Q552U1,0.085
Q553D3,0.085
Q556Z3,0.085
Q557C9,0.085
Q559V4,0.085
Q55A55,0.085
Q55C30,0.085
Q55DM1,0.085
Q55EN7,0.085
Q55EX6,0.085
Q55EX9,0.085
Q55FG6,0.085
Q55G37,0.085
Q75JQ0,0.085
Q86B03,0.085
Q86HI9,0.085
Q86IY5,0.085
Q86J14,0.085
Q8MML7,0.085
B0G130,0.086
Q54BQ0,0.086
Q54BU4,0.086
Q54C13,0.086
Q54C79,0.086
Q54GH3,0.086
Q54IA2,0.086
Q54JC5,0.086
Q54JT7,0.086
Q54M20,0.086
Q54MY9,0.086
Q54N06,0.086
Q54PX3,0.086
Q54QB0,0.086
Q54QK7,0.086
Q54SZ2,0.086
Q54VD2,0.086
Q54WS9,0.086
Q54XM9,0.086
Q54YP3,0.086
Q556F5,0.086
Q556G4,0.086
Q55B06,0.086
Q55EZ5,0.086
Q55G68,0.086
Q869Z1,0.086
Q86A70,0.086
Q86A81,0.086
Q86AQ7,0.086
Q86HL0,0.086
Q86JG6,0.086
Q8SSP5,0.086
Q94481,0.086
P25870,0.087
Q54BB5,0.087
Q54BB7,0.087
Q54C01,0.087
Q54CZ7,0.087
Q54FS0,0.087
Q54I86,0.087
Q54IR9,0.087
Q54IX2,0.087
Q54JG4,0.087
Q54KE9,0.087
Q54KJ2,0.087
Q54LL9,0.087
Q54M39,0.087
Q54PQ7,0.087
Q54QR0,0.087
Q54RD2,0.087
Q54SL6,0.087
Q54TS4,0.087
Q54VB2,0.087
Q54W37,0.087
Q54WB8,0.087
Q54WR5,0.087
Q54X25,0.087
Q54XV1,0.087
Q551H5,0.087
Q552D1,0.087
Q553S3,0.087
Q555D2,0.087
Q557G3,0.087
Q557Y8,0.087
Q55AZ2,0.087
Q55BQ3,0.087
Q55CS3,0.087
Q55D96,0.087
Q55DC5,0.087
Q55FB5,0.087
Q55G27,0.087
Q55GC3,0.087
Q75JZ0,0.087
Q86IB5,0.087
Q8T2A6,0.087
Q54BY8,0.088
Q54CN7,0.088
Q54CR0,0.088
Q54F04,0.088
Q54GS1,0.088
Q54IU7,0.088
Q54JN3,0.088
Q54MI3,0.088
Q54MT1,0.088
Q54R64,0.088
Q54R67,0.088
Q54RV3,0.088
Q54TK8,0.088
Q54U82,0.088
Q54V37,0.088
Q54V50,0.088
Q54VU4,0.088
Q54WH7,0.088
Q54WP7,0.088
Q54XF1,0.088
Q54Y18,0.088
Q559R1,0.088
Q55BN9,0.088
Q55C26,0.088
Q55CL6,0.088
Q55DZ3,0.088
Q55E74,0.088
Q55EA3,0.088
Q55F72,0.088
Q55FB1,0.088
Q76P09,0.088
Q76P24,0.088
Q7KWK7,0.088
Q869Q6,0.088
Q869R1,0.088
Q86K47,0.088
Q8T1D4,0.088
Q8T2G9,0.088
Q8T664,0.088
Q8T848,0.088
Q8T864,0.088
Q1ZXE9,0.089
Q54B09,0.089
Q54B24,0.089
Q54EG0,0.089
Q54FT8,0.089
Q54JS6,0.089
Q54KA7,0.089
Q54KX4,0.089
Q54LP8,0.089
Q54M12,0.089
Q54QQ9,0.089
Q54S40,0.089
Q54TZ4,0.089
Q54U53,0.089
Q54U85,0.089
Q54VS5,0.089
Q54W22,0.089
Q54WM1,0.089
Q54X08,0.089
Q551A3,0.089
Q551L6,0.089
Q553M5,0.089
Q556Q3,0.089
Q55BI0,0.089
Q55CP0,0.089
Q55ET2,0.089
Q55FJ6,0.089
Q55FP0,0.089
Q55FW7,0.089
Q55G51,0.089
Q55G81,0.089
Q86IX4,0.089
Q9GPF0,0.089
Q9XYS8,0.089
B0G148,0.09
P34103,0.09
Q1ZXI6,0.09
Q54BM5,0.09
Q54CZ1,0.09
Q54E04,0.09
Q54F53,0.09
Q54F88,0.09
Q54IM9,0.09
Q54JD0,0.09
Q54M79,0.09
Q54Q80,0.09
Q54T80,0.09
Q54UF5,0.09
Q54UI0,0.09
Q54W91,0.09
Q54W99,0.09
Q54XW9,0.09
Q54YC0,0.09
Q54YE5,0.09
Q54YZ7,0.09
Q54Z65,0.09
Q55AZ9,0.09
Q55DC2,0.09
Q55DP0,0.09
Q55GC1,0.09
Q86AG6,0.09
Q86IG2,0.09
Q86IW7,0.09
Q86L47,0.09
Q8T5Z7,0.09
Q8T6B8,0.09
Q95ZG5,0.09
B0G185,0.091
C7G084,0.091
P14196,0.091
Q54E42,0.091
Q54G94,0.091
Q54HR5,0.091
Q54KA3,0.091
Q54LQ7,0.091
Q54LX9,0.091
Q54MA1,0.091
Q54NY6,0.091
Q54QG3,0.091
Q54QM4,0.091
Q54ST8,0.091
Q54TF1,0.091
Q54U63,0.091
Q54VR9,0.091
Q54W09,0.091
Q551H6,0.091
Q554E7,0.091
Q554L0,0.091
Q557H7,0.091
Q55C84,0.091
Q55DD5,0.091
Q55F23,0.091
Q76NU1,0.091
Q7KWY5,0.091
Q86H82,0.091
Q86KB1,0.091
Q95YL5,0.091
B0G163,0.092
O96042,0.092
Q54FZ8,0.092
Q54G72,0.092
Q54H09,0.092
Q54I36,0.092
Q54I89,0.092
Q54JI9,0.092
Q54KU1,0.092
Q54L34,0.092
Q54NW5,0.092
Q54P47,0.092
Q54P74,0.092
Q54R52,0.092
Q54S15,0.092
Q54T51,0.092
Q54UG2,0.092
Q54VK4,0.092
Q54Y55,0.092
Q54ZD6,0.092
Q550P1,0.092
Q551D7,0.092
Q553Q2,0.092
Q55CY1,0.092
Q55E08,0.092
Q55E77,0.092
Q6XHA7,0.092
Q7YTA6,0.092
Q869U6,0.092
Q86AF7,0.092
Q9TVK6,0.092
Q54C96,0.093
Q54CG6,0.093
Q54ER4,0.093
Q54GQ5,0.093
Q54GW4,0.093
Q54H31,0.093
Q54IS4,0.093
Q54JS2,0.093
Q54L18,0.093
Q54LB2,0.093
Q54LG9,0.093
Q54PQ5,0.093
Q54QM1,0.093
Q54R53,0.093
Q54TE8,0.093
Q54ZR7,0.093
Q553T2,0.093
Q553T9,0.093
Q556S0,0.093
Q556V2,0.093
Q55AD9,0.093
Q55BM5,0.093
Q55C58,0.093
Q55CA6,0.093
Q55EQ4,0.093
Q55FY1,0.093
Q6S004,0.093
Q75JG4,0.093
B0G190,0.094
C7G070,0.094
Q54BK4,0.094
Q54BP8,0.094
Q54C37,0.094
Q54C56,0.094
Q54D97,0.094
Q54IW7,0.094
Q54JQ1,0.094
Q54JQ7,0.094
Q54JQ8,0.094
Q54LK3,0.094
Q54NF9,0.094
Q54Q45,0.094
Q54S20,0.094
Q54S94,0.094
Q54W15,0.094
Q54W20,0.094
Q54XY1,0.094
Q551Y5,0.094
Q553F3,0.094
Q55BY3,0.094
Q55DK5,0.094
Q55G62,0.094
Q55GN9,0.094
Q86A16,0.094
Q86IW3,0.094
B0G188,0.095
C7FZW3,0.095
C7G038,0.095
Q54BH7,0.095
Q54C75,0.095
Q54DD4,0.095
Q54DQ7,0.095
Q54EQ8,0.095
Q54FV9,0.095
Q54K96,0.095
Q54KD1,0.095
Q54MJ8,0.095
Q54QF4,0.095
Q54QQ8,0.095
Q54VB1,0.095
Q54WV3,0.095
Q556V6,0.095
Q55CU8,0.095
Q55DW9,0.095
Q55FW9,0.095
Q869R9,0.095
P34137,0.096
Q1ZXF9,0.096
Q54BN2,0.096
Q54EU0,0.096
Q54FT0,0.096
Q54GH9,0.096
Q54GZ3,0.096
Q54HP6,0.096
Q54JA7,0.096
Q54NY9,0.096
Q54PK4,0.096
Q54Q96,0.096
Q54RR9,0.096
Q54RV1,0.096
Q54TY0,0.096
Q54U78,0.096
Q54UM2,0.096
Q54VX5,0.096
Q54WG6,0.096
Q54XL4,0.096
Q551M4,0.096
Q551P7,0.096
Q552M1,0.096
Q556Z4,0.096
Q55AA8,0.096
Q55DA7,0.096
Q55E09,0.096
Q55EB9,0.096
Q55G61,0.096
Q55GG4,0.096
Q55GR7,0.096
Q6TMJ9,0.096
Q6XHA6,0.096
Q86JM4,0.096
Q86KX6,0.096
Q8T674,0.096
C7G001,0.097
P54676,0.097
Q54DI9,0.097
Q54DW4,0.097
Q54EY0,0.097
Q54IX4,0.097
Q54MU0,0.097
Q54PI9,0.097
Q54R83,0.097
Q54SU5,0.097
Q54U64,0.097
Q54UG7,0.097
Q54VV7,0.097
Q54XC9,0.097
Q54Y08,0.097
Q54YP4,0.097
Q552P4,0.097
Q556Z1,0.097
Q557E1,0.097
Q55C73,0.097
Q55FG3,0.097
Q86B14,0.097
Q1ZXN6,0.098
Q54BN3,0.098
Q54DL7,0.098
Q54F05,0.098
Q54F12,0.098
Q54GD5,0.098
Q54H52,0.098
Q54HT1,0.098
Q54JP7,0.098
Q54MR2,0.098
Q54PG8,0.098
Q54Q92,0.098
Q54RM3,0.098
Q54ST0,0.098
Q54TW2,0.098
Q54V71,0.098
Q54X40,0.098
Q54XJ7,0.098
Q54XK1,0.098
Q54Y42,0.098
Q54YA4,0.098
Q54YG4,0.098
Q55BX2,0.098
Q55CA3,0.098
Q55DW5,0.098
Q55EN0,0.098
Q76NU4,0.098
Q8T6J0,0.098
Q9NGQ2,0.098
Q1ZXE5,0.099
Q54BM7,0.099
Q54CZ8,0.099
Q54D83,0.099
Q54DL2,0.099
Q54EK8,0.099
Q54G76,0.099
Q54H84,0.099
Q54IX0,0.099
Q54MY7,0.099
Q54PN5,0.099
Q54SA1,0.099
Q54VJ0,0.099
Q551N7,0.099
Q551Q4,0.099
Q556N8,0.099
Q55CP7,0.099
Q55E02,0.099
Q55E62,0.099
Q55EZ8,0.099
Q55GV6,0.099
Q75JC9,0.099
B0G104,0.1
P34044,0.1
Q1ZXB3,0.1
Q1ZXL0,0.1
Q54BD0,0.1
Q54DA4,0.1
Q54ED9,0.1
Q54F48,0.1
Q54FG3,0.1
Q54G40,0.1
Q54L24,0.1
Q54MK3,0.1
Q54QE8,0.1
Q54QV0,0.1
Q54U17,0.1
Q54VA6,0.1
Q54VF1,0.1
Q54WZ1,0.1
Q54YH2,0.1
Q557D0,0.1
Q55BZ2,0.1
Q55EN3,0.1
Q55EQ8,0.1
Q55ER4,0.1
Q55F41,0.1
Q55FK8,0.1
Q55FL4,0.1
Q869W0,0.1
Q86JM2,0.1
Q8ST25,0.1
Q8T1E6,0.1
Q1ZXF2,0.101
Q54CK3,0.101
Q54D57,0.101
Q54E54,0.101
Q54EB5,0.101
Q54F19,0.101
Q54G10,0.101
Q54KZ4,0.101
Q54LT8,0.101
Q54QA0,0.101
Q54RR3,0.101
Q54T06,0.101
Q54WQ3,0.101
Q553E3,0.101
Q557M8,0.101
Q55DL6,0.101
Q55GJ8,0.101
Q86AC9,0.101
Q86I22,0.101
Q8MML5,0.101
B0G127,0.102
B0G165,0.102
Q54BF1,0.102
Q54CH4,0.102
Q54FC3,0.102
Q54GX5,0.102
Q54IX9,0.102
Q54IY3,0.102
Q54L54,0.102
Q54MH4,0.102
Q54P06,0.102
Q54P13,0.102
Q54P22,0.102
Q54RH5,0.102
Q54T92,0.102
Q54UV3,0.102
Q550Q4,0.102
Q550W0,0.102
Q553Z7,0.102
Q555I0,0.102
Q555X5,0.102
Q559A0,0.102
Q55BP1,0.102
Q55CE6,0.102
Q55F11,0.102
Q55FF7,0.102
Q55FM4,0.102
Q75JK8,0.102
Q76P07,0.102
P34116,0.103
Q54AX6,0.103
Q54B74,0.103
Q54BR4,0.103
Q54D26,0.103
Q54F55,0.103
Q54HI5,0.103
Q54I59,0.103
Q54IY5,0.103
Q54J33,0.103
Q54K16,0.103
Q54KS1,0.103
Q54LP1,0.103
Q54MD4,0.103
Q54NU8,0.103
Q54QG1,0.103
Q54RS9,0.103
Q54T12,0.103
Q54TZ1,0.103
Q54Y02,0.103
Q54Z52,0.103
Q550I8,0.103
Q554X7,0.103
Q55EA1,0.103
Q55EC3,0.103
Q867T7,0.103
Q869V1,0.103
Q86HR7,0.103
Q86IU8,0.103
Q54BE9,0.104
Q54BT0,0.104
Q54DT6,0.104
Q54H60,0.104
Q54M35,0.104
Q54NK9,0.104
Q54NS2,0.104
Q54PM1,0.104
Q54Q77,0.104
Q54Q87,0.104
Q54QK8,0.104
Q54RU1,0.104
Q54RW8,0.104
Q54S09,0.104
Q54SR6,0.104
Q54ST5,0.104
Q54TE0,0.104
Q54U48,0.104
Q54V78,0.104
Q54VW1,0.104
Q54X77,0.104
Q54XA7,0.104
Q556M2,0.104
Q55AQ8,0.104
Q55D52,0.104
Q55E58,0.104
Q55FE8,0.104
Q869R8,0.104
Q86I35,0.104
P54678,0.105
Q54B49,0.105
Q54CH3,0.105
Q54CJ2,0.105
Q54DG4,0.105
Q54F66,0.105
Q54H83,0.105
Q54I33,0.105
Q54LH5,0.105
Q54LT4,0.105
Q54N27,0.105
Q54NB8,0.105
Q54QQ1,0.105
Q54T36,0.105
Q54U59,0.105
Q54W60,0.105
Q54Y51,0.105
Q54ZN2,0.105
Q550A6,0.105
Q556Y8,0.105
Q55A63,0.105
Q55EY9,0.105
Q76P38,0.105
Q86L39,0.105
P03967,0.106
P0CD65,0.106
Q54CW8,0.106
Q54HX6,0.106
Q54LR8,0.106
Q54LY8,0.106
Q54MA8,0.106
Q54ST4,0.106
Q54TC9,0.106
Q54XU3,0.106
Q54YB5,0.106
Q55BP4,0.106
Q55C66,0.106
Q55C68,0.106
Q55EP9,0.106
Q55FM0,0.106
Q55G18,0.106
P54672,0.107
Q1ZXF4,0.107
Q54BK8,0.107
Q54CS9,0.107
Q54DC8,0.107
Q54EF8,0.107
Q54F73,0.107
Q54FN8,0.107
Q54JF7,0.107
Q54JM8,0.107
Q54KD6,0.107
Q54KM1,0.107
Q54L51,0.107
Q54NX1,0.107
Q54TM2,0.107
Q54UN7,0.107
Q54VM1,0.107
Q54VX2,0.107
Q54YF4,0.107
Q550D3,0.107
Q550E1,0.107
Q553W5,0.107
Q555X4,0.107
Q55GY0,0.107
Q7KWU5,0.107
Q86G47,0.107
Q86IX1,0.107
Q86JJ7,0.107
Q54EF6,0.108
Q54FA7,0.108
Q54FW7,0.108
Q54HL8,0.108
Q54NG7,0.108
Q54Q40,0.108
Q54Q43,0.108
Q54UG5,0.108
Q54XP5,0.108
Q54YL1,0.108
Q555A4,0.108
Q557I6,0.108
Q559P7,0.108
Q559T8,0.108
Q55BL9,0.108
Q55E61,0.108
Q76NW2,0.108
Q86B11,0.108
Q8SSU4,0.108
Q8T2T8,0.108
C7G071,0.109
Q54HM9,0.109
Q54I00,0.109
Q54I34,0.109
Q54JA6,0.109
Q54LE5,0.109
Q54NB9,0.109
Q54NL2,0.109
Q54PK0,0.109
Q54S33,0.109
Q54T85,0.109
Q54VV5,0.109
Q553T5,0.109
Q556F0,0.109
Q55CR8,0.109
Q55D59,0.109
Q55EK5,0.109
Q86HP1,0.109
Q86KI1,0.109
B0M0P8,0.11
P0CD62,0.11
Q1ZXL1,0.11
Q54BQ4,0.11
Q54CI4,0.11
Q54FT4,0.11
Q54H05,0.11
Q54H39,0.11
Q54HL2,0.11
Q54KQ4,0.11
Q54M77,0.11
Q54MT3,0.11
Q54NU5,0.11
Q54PF0,0.11
Q54PG2,0.11
Q54WX4,0.11
Q54XR5,0.11
Q54Y01,0.11
Q54YS8,0.11
Q552C6,0.11
Q555C0,0.11
Q556Q8,0.11
Q55A08,0.11
Q55BC0,0.11
Q55BE0,0.11
Q55CH0,0.11
Q55CH3,0.11
Q55DE3,0.11
Q55E33,0.11
Q55G03,0.11
Q75JC0,0.11
Q86IV3,0.11
Q54BL5,0.111
Q54C11,0.111
Q54CY9,0.111
Q54EH2,0.111
Q54JH4,0.111
Q54JI4,0.111
Q54K24,0.111
Q54LJ0,0.111
Q54PG3,0.111
Q54R92,0.111
Q54TA1,0.111
Q54W41,0.111
Q54ZW8,0.111
Q552Z0,0.111
Q557K2,0.111
Q55CX3,0.111
Q55EK7,0.111
Q75J91,0.111
Q86HN1,0.111
Q54C87,0.112
Q54EL3,0.112
Q54FW4,0.112
Q54G81,0.112
Q54GD2,0.112
Q54GV7,0.112
Q54IU1,0.112
Q54LE6,0.112
Q54N76,0.112
Q54PB6,0.112
Q54PH5,0.112
Q54PR0,0.112
Q54R63,0.112
Q54R70,0.112
Q54TL4,0.112
Q54X94,0.112
Q54YB3,0.112
Q54YC9,0.112
Q54ZP5,0.112
Q55CM6,0.112
Q55EI8,0.112
Q55FX5,0.112
Q75JF9,0.112
Q86H47,0.112
Q86HW6,0.112
C7FZX3,0.113
Q54BC9,0.113
Q54DM3,0.113
Q54DV1,0.113
Q54EB6,0.113
Q54JK9,0.113
Q54JY7,0.113
Q54MG4,0.113
Q54PD2,0.113
Q54Q44,0.113
Q54Q64,0.113
Q54QV2,0.113
Q54ST3,0.113
Q54VE7,0.113
Q54VP5,0.113
Q54W77,0.113
Q55DB0,0.113
Q6XHB2,0.113
Q86IZ9,0.113
Q8T9S7,0.113
P34144,0.114
Q54BH2,0.114
Q54CV6,0.114
Q54DU9,0.114
Q54G22,0.114
Q54HA8,0.114
Q54I43,0.114
Q54I70,0.114
Q54IK8,0.114
Q54KC8,0.114
Q54MP8,0.114
Q54R73,0.114
Q54SX1,0.114
Q54UP3,0.114
Q54W82,0.114
Q54XH9,0.114
Q54Y63,0.114
Q55AI4,0.114
Q55CJ0,0.114
Q55D61,0.114
Q55DJ9,0.114
Q55GM5,0.114
Q86JF2,0.114
Q94494,0.114
C7G036,0.115
C7G050,0.115
O15706,0.115
O15757,0.115
P26355,0.115
Q1ZXH6,0.115
Q54BT5,0.115
Q54EH7,0.115
Q54GN1,0.115
Q54H18,0.115
Q54IJ8,0.115
Q54IW6,0.115
Q54J83,0.115
Q54RS1,0.115
Q54SR9,0.115
Q54T77,0.115
Q54WC8,0.115
Q551L0,0.115
Q554Y4,0.115
Q556V5,0.115
Q55AB6,0.115
Q55BP5,0.115
Q55CP1,0.115
Q55DP1,0.115
Q55DR7,0.115
Q55DU4,0.115
Q55EM6,0.115
Q75JF8,0.115
Q86HT1,0.115
Q86HX1,0.115
B0G151,0.116
Q54DK4,0.116
Q54FF3,0.116
Q54G64,0.116
Q54H02,0.116
Q54H62,0.116
Q54HA0,0.116
Q54HR1,0.116
Q54NE7,0.116
Q54P26,0.116
Q54P81,0.116
Q54PJ4,0.116
Q54WL5,0.116
Q54XQ7,0.116
Q558V8,0.116
Q55CI0,0.116
Q55CV5,0.116
Q55EJ3,0.116
Q75JL4,0.116
C7G028,0.117
Q54BJ3,0.117
Q54E21,0.117
Q54GB3,0.117
Q54H43,0.117
Q54JF1,0.117
Q54JX5,0.117
Q54QE6,0.117
Q54W19,0.117
Q54X99,0.117
Q54Y43,0.117
Q55CB6,0.117
Q6UUW6,0.117
Q75JV7,0.117
Q8T6H3,0.117
P34100,0.118
Q54CP1,0.118
Q54D01,0.118
Q54GS8,0.118
Q54IJ1,0.118
Q54IL5,0.118
Q54IU6,0.118
Q54K94,0.118
Q54LI4,0.118
Q54N42,0.118
Q54PB3,0.118
Q54QB4,0.118
Q54QS0,0.118
Q54QV3,0.118
Q54S38,0.118
Q54T42,0.118
Q54U80,0.118
Q54WP4,0.118
Q54YW3,0.118
Q54ZD5,0.118
Q550L4,0.118
Q555M8,0.118
Q55BE4,0.118
Q55DJ8,0.118
Q55EM9,0.118
Q8T6H8,0.118
Q9NIV0,0.118
Q54B48,0.119
Q54EG7,0.119
Q54EN2,0.119
Q54H51,0.119
Q54IF9,0.119
Q54IU8,0.119
Q54JJ8,0.119
Q54QW5,0.119
Q54VR7,0.119
Q54VT8,0.119
Q54ZI5,0.119
Q551V5,0.119
Q55EK4,0.119
Q5V9E9,0.119
Q86JN4,0.119
Q86K84,0.119
P32252,0.12
Q54GG8,0.12
Q54GJ9,0.12
Q54GN7,0.12
Q54HE7,0.12
Q54HE9,0.12
Q54JN1,0.12
Q54LE9,0.12
Q54NE0,0.12
Q54NG0,0.12
Q54PL5,0.12
Q54PT2,0.12
Q54QU8,0.12
Q54TF3,0.12
Q54V86,0.12
Q54VD8,0.12
Q54XM5,0.12
Q54XY3,0.12
Q54YD3,0.12
Q552R6,0.12
Q556G6,0.12
Q55CA1,0.12
Q55D82,0.12
Q55DD7,0.12
Q55DU0,0.12
Q55DV7,0.12
Q55DZ2,0.12
Q55FA5,0.12
Q55GP8,0.12
Q75JV8,0.12
Q869X5,0.12
Q86AT8,0.12
Q86JM7,0.12
Q86L41,0.12
Q9NCL7,0.12
P34090,0.121
Q54DS3,0.121
Q54DT5,0.121
Q54GT8,0.121
Q54GV4,0.121
Q54H15,0.121
Q54K98,0.121
Q54KE3,0.121
Q54MT2,0.121
Q54R82,0.121
Q54TY2,0.121
Q54WH5,0.121
Q54WV7,0.121
Q54YU6,0.121
Q54ZN3,0.121
Q557E5,0.121
Q559G7,0.121
Q55E26,0.121
Q55EQ3,0.121
O60950,0.122
Q54B65,0.122
Q54G52,0.122
Q54GM4,0.122
Q54HD1,0.122
Q54J96,0.122
Q54LD5,0.122
Q54P92,0.122
Q54SR5,0.122
Q54ST1,0.122
Q54TD7,0.122
Q54WT3,0.122
Q54X69,0.122
Q54YH9,0.122
Q551V8,0.122
Q556B3,0.122
Q559A2,0.122
Q55CR1,0.122
Q55CS7,0.122
Q55E22,0.122
Q55G06,0.122
Q86AS4,0.122
Q8MNF7,0.122
Q8T193,0.122
Q9GV71,0.122
C7FZV9,0.123
Q54B14,0.123
Q54C68,0.123
Q54CA1,0.123
Q54CT5,0.123
Q54CU9,0.123
Q54CV9,0.123
Q54EX6,0.123
Q54HF0,0.123
Q54JW3,0.123
Q54LT7,0.123
Q54RP4,0.123
Q54SY1,0.123
Q553W1,0.123
Q55BX5,0.123
Q55DC7,0.123
Q55DN5,0.123
Q55GC2,0.123
Q75JH1,0.123
Q869W6,0.123
Q86I81,0.123
Q8MMZ9,0.123
Q8ST07,0.123
P34147,0.124
P54637,0.124
Q1ZXJ0,0.124
Q54B33,0.124
Q54G82,0.124
Q54HF9,0.124
Q54IM6,0.124
Q54M11,0.124
Q54MC5,0.124
Q54RW0,0.124
Q54UR3,0.124
Q54WC4,0.124
Q54WD8,0.124
Q553V6,0.124
Q554H3,0.124
Q556H1,0.124
Q55DD2,0.124
Q55E04,0.124
Q55FA4,0.124
Q7KWL1,0.124
Q86I31,0.124
Q8T1F9,0.124
Q54C26,0.125
Q54DF3,0.125
Q54FF4,0.125
Q54GC7,0.125
Q54I28,0.125
Q54I98,0.125
Q54IG0,0.125
Q54RS5,0.125
Q54TM9,0.125
Q54VA4,0.125
Q54XA6,0.125
Q54XG4,0.125
Q54ZA9,0.125
Q552D6,0.125
Q556K5,0.125
Q55AE5,0.125
Q55BD0,0.125
Q55C56,0.125
Q55FU7,0.125
Q86H79,0.125
Q86IX6,0.125
Q86L44,0.125
O15819,0.126
Q54CS8,0.126
Q54D75,0.126
Q54DI3,0.126
Q54FB7,0.126
Q54G36,0.126
Q54GJ0,0.126
Q54GL5,0.126
Q54HN1,0.126
Q54LR6,0.126
Q54ME0,0.126
Q54PQ3,0.126
Q54RA9,0.126
Q54S37,0.126
Q54T02,0.126
Q54WL2,0.126
Q54Y90,0.126
Q550N5,0.126
Q551V3,0.126
Q551X7,0.126
Q55BC8,0.126
Q55C78,0.126
Q55CB4,0.126
Q55DY0,0.126
Q55EG6,0.126
Q75JK0,0.126
Q86I83,0.126
Q86LA5,0.126
Q8ST13,0.126
Q02720,0.127
Q54CB4,0.127
Q54CF9,0.127
Q54ET1,0.127
Q54F01,0.127
Q54GM6,0.127
Q54GT0,0.127
Q54HI2,0.127
Q54JH6,0.127
Q54L13,0.127
Q54MH9,0.127
Q54NA3,0.127
Q54NP5,0.127
Q54R77,0.127
Q54T56,0.127
Q54V87,0.127
Q54WR1,0.127
Q54XG7,0.127
Q54XI2,0.127
Q54ZX8,0.127
Q553C0,0.127
Q559E7,0.127
Q55BV7,0.127
Q55C33,0.127
Q55CC0,0.127
Q55E98,0.127
Q55FD9,0.127
P36410,0.128
Q54BU7,0.128
Q54GW2,0.128
Q54H08,0.128
Q54MV3,0.128
Q54NP9,0.128
Q54QD0,0.128
Q54S42,0.128
Q54S53,0.128
Q54SE3,0.128
Q54U81,0.128
Q54UB2,0.128
Q54VJ6,0.128
Q54WW7,0.128
Q54X54,0.128
Q54XN7,0.128
Q55D30,0.128
Q55GB1,0.128
Q55GU8,0.128
Q7KWM6,0.128
Q54DA7,0.129
Q54FN2,0.129
Q54G05,0.129
Q54L80,0.129
Q54MN6,0.129
Q54PR1,0.129
Q54PV4,0.129
Q54ST6,0.129
Q54TF2,0.129
Q552L8,0.129
Q554U5,0.129
Q55A22,0.129
Q55BM1,0.129
Q55E65,0.129
Q55FF5,0.129
Q86HR8,0.129
Q86IZ3,0.129
Q86JC1,0.129
C7FZZ3,0.13
P54695,0.13
P54705,0.13
Q1ZXQ5,0.13
Q54E28,0.13
Q54FZ2,0.13
Q54GC4,0.13
Q54JP6,0.13
Q54LD1,0.13
Q54NQ8,0.13
Q54PT8,0.13
Q54QE5,0.13
Q54S13,0.13
Q54X55,0.13
Q54XU8,0.13
Q552K5,0.13
Q552K7,0.13
Q553Q7,0.13
Q556Y4,0.13
Q559G8,0.13
Q55BM9,0.13
Q55D31,0.13
Q55FE4,0.13
Q55GS2,0.13
Q75JR4,0.13
Q75JX3,0.13
Q86AD6,0.13
Q86HN6,0.13
B0G157,0.131
Q54D94,0.131
Q54F20,0.131
Q54I56,0.131
Q54JH9,0.131
Q54K26,0.131
Q54KM6,0.131
Q54MI9,0.131
Q54NX0,0.131
Q553Q5,0.131
Q55FI4,0.131
Q55GU0,0.131
Q86AD2,0.131
P54658,0.132
Q54DY8,0.132
Q54E91,0.132
Q54F25,0.132
Q54GE0,0.132
Q54GF2,0.132
Q54L56,0.132
Q54LD0,0.132
Q54PT1,0.132
Q54QI2,0.132
Q54RS7,0.132
Q54SJ2,0.132
Q54TH9,0.132
Q54WL0,0.132
Q54Z94,0.132
Q55BA1,0.132
Q55BZ0,0.132
Q55CE2,0.132
Q55DR9,0.132
Q55FN1,0.132
Q55GF6,0.132
Q55GT6,0.132
Q86AF3,0.132
Q86HC9,0.132
Q86HD3,0.132
Q54BV0,0.133
Q54CJ0,0.133
Q54LA5,0.133
Q54LI8,0.133
Q54MF3,0.133
Q54MU9,0.133
Q54QG6,0.133
Q54SF9,0.133
Q54SY2,0.133
Q54UI6,0.133
Q54UK0,0.133
Q54XQ2,0.133
Q54YL8,0.133
Q54YN4,0.133
Q54Z93,0.133
Q555L5,0.133
Q55C62,0.133
Q55CG6,0.133
Q55GM7,0.133
Q75JM9,0.133
Q86A69,0.133
Q86JB6,0.133
Q8T2I8,0.133
B0G184,0.134
C7G055,0.134
Q54CR4,0.134
Q54GS2,0.134
Q54I39,0.134
Q54M73,0.134
Q54N18,0.134
Q54NP8,0.134
Q54PW9,0.134
Q54PZ6,0.134
Q54RX8,0.134
Q54UV9,0.134
Q54VQ1,0.134
Q54W02,0.134
Q54WH6,0.134
Q54XG2,0.134
Q54XZ6,0.134
Q54YL7,0.134
Q550K8,0.134
Q552M6,0.134
Q55AG0,0.134
Q55DM0,0.134
Q55E41,0.134
Q55FF2,0.134
Q75J87,0.134
Q869R5,0.134
Q86AT9,0.134
Q86HD8,0.134
Q1ZXD2,0.135
Q54B17,0.135
Q54IN8,0.135
Q54KL7,0.135
Q54L20,0.135
Q54QA7,0.135
Q54R50,0.135
Q54SK0,0.135
Q552I9,0.135
Q556J2,0.135
Q556V8,0.135
Q559R2,0.135
Q55EC9,0.135
Q55FA8,0.135
Q55FC8,0.135
Q55FD8,0.135
B0G160,0.136
Q1ZXI2,0.136
Q54G96,0.136
Q54GH2,0.136
Q54JX4,0.136
Q54NY8,0.136
Q54P03,0.136
Q54P41,0.136
Q54QA2,0.136
Q54QC7,0.136
Q54RK7,0.136
Q54SD0,0.136
Q54SZ4,0.136
Q54UW6,0.136
Q54YL9,0.136
Q55AW2,0.136
Q55GW5,0.136
Q8T250,0.136
Q8T867,0.136
Q54B29,0.137
Q54DC3,0.137
Q54DM8,0.137
Q54F46,0.137
Q54FU1,0.137
Q54GJ8,0.137
Q54H89,0.137
Q54KK2,0.137
Q54P34,0.137
Q54RM2,0.137
Q54T38,0.137
Q54VS2,0.137
Q54WF8,0.137
Q54WL1,0.137
Q54WU5,0.137
Q54Y27,0.137
Q557Q0,0.137
Q55CD3,0.137
Q55F73,0.137
Q55FW0,0.137
Q86HQ3,0.137
Q54DA0,0.138
Q54FH0,0.138
Q54GE7,0.138
Q54ID6,0.138
Q54IS0,0.138
Q54K79,0.138
Q54KB6,0.138
Q54SN4,0.138
Q54W64,0.138
Q55C47,0.138
Q55CU7,0.138
Q55EQ2,0.138
Q55FK3,0.138
Q55FT4,0.138
Q86I19,0.138
Q86KG9,0.138
Q8MM62,0.138
O77257,0.139
Q54DG7,0.139
Q54EN3,0.139
Q54G43,0.139
Q54GR0,0.139
Q54IG4,0.139
Q54RJ4,0.139
Q54TN4,0.139
Q54UJ2,0.139
Q54VC1,0.139
Q54WQ2,0.139
Q54WZ2,0.139
Q54X81,0.139
Q54XD2,0.139
Q54ZF0,0.139
Q554U0,0.139
Q556A3,0.139
Q557E6,0.139
Q55C04,0.139
Q55CC5,0.139
Q55CW0,0.139
Q55D06,0.139
Q8SSY6,0.139
Q94464,0.139
Q54BP0,0.14
Q54D16,0.14
Q54FR5,0.14
Q54IE8,0.14
Q54J51,0.14
Q54K13,0.14
Q54KG8,0.14
Q54ML8,0.14
Q54Q16,0.14
Q54WN4,0.14
Q54WS5,0.14
Q54XG6,0.14
Q550H6,0.14
Q551L7,0.14
Q552C1,0.14
Q86H64,0.14
Q86K58,0.14
Q86K93,0.14
Q86KK3,0.14
Q86KR5,0.14
Q8T197,0.14
P05817,0.141
P34148,0.141
Q1ZXR0,0.141
Q54CJ1,0.141
Q54G38,0.141
Q54GH0,0.141
Q54IN9,0.141
Q54ME1,0.141
Q54PH2,0.141
Q54QV4,0.141
Q54UU6,0.141
Q54YF5,0.141
Q552Z2,0.141
Q55C29,0.141
Q55DC8,0.141
Q86H36,0.141
Q9XYL0,0.141
B0G120,0.142
Q54AQ0,0.142
Q54C10,0.142
Q54DB4,0.142
Q54DR4,0.142
Q54H72,0.142
Q54HM2,0.142
Q54TU8,0.142
Q54WX2,0.142
Q54WY5,0.142
Q54XC5,0.142
Q54XW5,0.142
Q550R7,0.142
Q55BA9,0.142
Q55BQ6,0.142
Q55FI2,0.142
Q55FS3,0.142
Q55GA1,0.142
Q86AS3,0.142
Q8I7C6,0.142
C7G077,0.143
Q1ZXH2,0.143
Q54C63,0.143
Q54D51,0.143
Q54E35,0.143
Q54GT5,0.143
Q54H44,0.143
Q54JN6,0.143
Q54JY5,0.143
Q54KD3,0.143
Q54KG1,0.143
Q54LB9,0.143
Q54LZ6,0.143
Q54M91,0.143
Q54PF2,0.143
Q54PY8,0.143
Q54SF7,0.143
Q54VV3,0.143
Q54X13,0.143
Q54YZ5,0.143
Q54Z40,0.143
Q558U5,0.143
Q55C37,0.143
Q55DJ0,0.143
Q55FS0,0.143
Q55FV8,0.143
Q86AH4,0.143
Q86IL4,0.143
Q86JJ3,0.143
Q8IS11,0.143
P28178,0.144
P35401,0.144
P90522,0.144
Q54D34,0.144
Q54E19,0.144
Q54H25,0.144
Q54JY9,0.144
Q54KY6,0.144
Q54MG8,0.144
Q54SG5,0.144
Q54TP0,0.144
Q54WL4,0.144
Q54YM8,0.144
Q554P0,0.144
Q557I4,0.144
Q55D84,0.144
Q55DK2,0.144
Q55G53,0.144
B0G118,0.145
P34125,0.145
Q54C66,0.145
Q54CA6,0.145
Q54DZ1,0.145
Q54FR9,0.145
Q54I38,0.145
Q54KD8,0.145
Q54M41,0.145
Q54ND6,0.145
Q54YH7,0.145
Q55EE1,0.145
Q55EK6,0.145
Q55EU5,0.145
Q55FD2,0.145
Q75JJ2,0.145
Q1ZXF5,0.146
Q54CG4,0.146
Q54DG3,0.146
Q54HT2,0.146
Q54PQ6,0.146
Q54RY2,0.146
Q54SQ1,0.146
Q54SR7,0.146
Q54T01,0.146
Q54TD5,0.146
Q54TJ9,0.146
Q54VU5,0.146
Q54WQ9,0.146
Q54YZ1,0.146
Q555M6,0.146
Q55EJ7,0.146
Q55FY4,0.146
Q86K78,0.146
Q8ST27,0.146
O96099,0.147
Q54C22,0.147
Q54G03,0.147
Q54H38,0.147
Q54I76,0.147
Q54KV6,0.147
Q54N31,0.147
Q54PF7,0.147
Q54QP3,0.147
Q54TA8,0.147
Q54WJ9,0.147
Q54XC4,0.147
Q54XY5,0.147
Q553G3,0.147
Q555I8,0.147
Q55CZ2,0.147
Q55G70,0.147
Q55G85,0.147
Q86JJ4,0.147
Q8SSW7,0.147
C7FZZ9,0.148
P34141,0.148
Q54BK0,0.148
Q54DG8,0.148
Q54DZ9,0.148
Q54J48,0.148
Q54JJ1,0.148
Q54NB2,0.148
Q54P96,0.148
Q54S71,0.148
Q54UE9,0.148
Q54VC2,0.148
Q54W44,0.148
Q54WA2,0.148
Q54WK3,0.148
Q54XG9,0.148
Q54XW8,0.148
Q550W6,0.148
Q55AJ7,0.148
Q55CD5,0.148
Q7KWX3,0.148
Q8SSV3,0.148
P34149,0.149
Q54FE8,0.149
Q54G27,0.149
Q54LI7,0.149
Q54MX5,0.149
Q54RZ7,0.149
Q54VF4,0.149
Q54WY8,0.149
Q54ZH1,0.149
Q553S0,0.149
Q557I5,0.149
Q558S4,0.149
Q559V1,0.149
Q55FP6,0.149
Q55GA8,0.149
Q55GT5,0.149
Q86H55,0.149
Q8SSN6,0.149
Q8T2F8,0.149
Q8T685,0.149
Q1ZXG6,0.15
Q54CB7,0.15
Q54CM0,0.15
Q54D77,0.15
Q54D87,0.15
Q54DN1,0.15
Q54II6,0.15
Q54JN0,0.15
Q54PA3,0.15
Q54UU9,0.15
Q555C6,0.15
Q55CM7,0.15
Q55CY9,0.15
Q55DQ9,0.15
Q55EG2,0.15
Q55GE6,0.15
Q86L43,0.15
O15755,0.151
P54685,0.151
Q54F64,0.151
Q54GZ5,0.151
Q54I20,0.151
Q54I48,0.151
Q54JE6,0.151
Q54KW4,0.151
Q54L82,0.151
Q54W90,0.151
Q54YZ3,0.151
Q55DM5,0.151
Q55GU7,0.151
Q86IY7,0.151
Q8IS18,0.151
Q9TW28,0.151
B0G0Z1,0.152
O96070,0.152
Q54CM2,0.152
Q54D10,0.152
Q54E72,0.152
Q54G62,0.152
Q54GS3,0.152
Q54HN3,0.152
Q54IK2,0.152
Q54LD2,0.152
Q54MR6,0.152
Q54PU7,0.152
Q54R18,0.152
Q54T86,0.152
Q54WS8,0.152
Q54XJ4,0.152
Q54XZ7,0.152
Q552N4,0.152
Q553R0,0.152
Q559H0,0.152
Q55BD8,0.152
Q55CN9,0.152
Q55EG1,0.152
Q55GW2,0.152
Q6TMK2,0.152
Q86I43,0.152
Q8IS12,0.152
Q54C67,0.153
Q54KS3,0.153
Q54LD4,0.153
Q54MB0,0.153
Q54NJ4,0.153
Q54RT1,0.153
Q54UR2,0.153
Q54YX3,0.153
Q552C9,0.153
Q55C95,0.153
Q55E84,0.153
Q55ET1,0.153
Q6XHA5,0.153
Q86J06,0.153
Q9NGP5,0.153
Q54BS1,0.154
Q54K33,0.154
Q54QB9,0.154
Q54R68,0.154
Q54SV5,0.154
Q54U51,0.154
Q54XN8,0.154
Q54YM2,0.154
Q551B2,0.154
Q55C50,0.154
Q55C92,0.154
Q55FS2,0.154
Q55GA0,0.154
Q55GS8,0.154
Q8T2A2,0.154
C7G054,0.155
Q1ZXD8,0.155
Q1ZXP2,0.155
Q54B61,0.155
Q54C35,0.155
Q54CM1,0.155
Q54F68,0.155
Q54FJ6,0.155
Q54GM1,0.155
Q54L32,0.155
Q54LZ9,0.155
Q54PB4,0.155
Q54U31,0.155
Q54WP5,0.155
Q54XJ3,0.155
Q55A31,0.155
Q55AD2,0.155
Q55CK5,0.155
Q55GJ4,0.155
Q86K46,0.155
Q8T673,0.155
B0G142,0.156
Q54D60,0.156
Q54EK2,0.156
Q54G42,0.156
Q54HJ6,0.156
Q54IL2,0.156
Q54JN5,0.156
Q54NC2,0.156
Q54P07,0.156
Q54QY3,0.156
Q54TJ4,0.156
Q54UV8,0.156
Q556X0,0.156
Q559U0,0.156
Q55F45,0.156
Q55G09,0.156
Q55G29,0.156
Q55GE0,0.156
Q7YXD4,0.156
Q86HL7,0.156
Q54G24,0.157
Q54IA5,0.157
Q54ID9,0.157
Q54MH0,0.157
Q54P15,0.157
Q54P49,0.157
Q54Q14,0.157
Q54RN0,0.157
Q54S03,0.157
Q54TC3,0.157
Q54U43,0.157
Q54WR3,0.157
Q559I6,0.157
Q55BR6,0.157
Q86A02,0.157
Q86J16,0.157
Q94502,0.157
Q54DM9,0.158
Q54DV6,0.158
Q54FH5,0.158
Q54FJ8,0.158
Q54GN2,0.158
Q54GN8,0.158
Q54H42,0.158
Q54J46,0.158
Q54JS8,0.158
Q54MC2,0.158
Q54PD5,0.158
Q54UV2,0.158
Q54WN5,0.158
Q54XL6,0.158
Q551Y7,0.158
Q556S4,0.158
Q55C17,0.158
Q86K48,0.158
Q9GSB0,0.158
Q1ZXA1,0.159
Q54BR9,0.159
Q54MN2,0.159
Q54U95,0.159
Q54WZ3,0.159
Q559X9,0.159
Q55EL4,0.159
Q55GH7,0.159
Q75J89,0.159
Q86IW1,0.159
Q23858,0.16
Q54CX8,0.16
Q54ER2,0.16
Q54FW9,0.16
Q54GD1,0.16
Q54RL1,0.16
Q54S45,0.16
Q54VA5,0.16
Q54YT3,0.16
Q55DE4,0.16
Q55GI0,0.16
Q7KWM5,0.16
Q9XYS3,0.16
B0G146,0.161
Q54BM1,0.161
Q54E74,0.161
Q54H00,0.161
Q54KS4,0.161
Q54M76,0.161
Q54RP5,0.161
Q54SH8,0.161
Q54TM6,0.161
Q54TQ9,0.161
Q54UD8,0.161
Q550Q3,0.161
Q551T0,0.161
Q559E6,0.161
Q55CE3,0.161
Q55DR4,0.161
Q869Q2,0.161
Q86K80,0.161
C7FZW5,0.162
Q54BD6,0.162
Q54DJ0,0.162
Q54DL0,0.162
Q54ES6,0.162
Q54GD6,0.162
Q54IV3,0.162
Q54QB2,0.162
Q54QH0,0.162
Q54SH3,0.162
Q54YG8,0.162
Q54YX4,0.162
Q552S0,0.162
Q552S8,0.162
Q554S4,0.162
Q54GG6,0.163
Q54GY7,0.163
Q54KH8,0.163
Q54NB5,0.163
Q54PG9,0.163
Q54PJ3,0.163
Q54VW9,0.163
Q556U6,0.163
Q55FI6,0.163
Q55FP4,0.163
O15743,0.164
Q54B64,0.164
Q54EU4,0.164
Q54IL7,0.164
Q54PP1,0.164
Q54U60,0.164
Q54VD9,0.164
Q54XL3,0.164
Q54YR8,0.164
Q555V8,0.164
Q55AR3,0.164
Q55EC4,0.164
Q75JE7,0.164
Q8T2Q3,0.164
Q54BN0,0.165
Q54BV5,0.165
Q54ER8,0.165
Q54HF4,0.165
Q54J16,0.165
Q54JQ9,0.165
Q54WY1,0.165
Q54Y89,0.165
Q55A00,0.165
Q55G31,0.165
Q75JE1,0.165
Q9TW32,0.165
P0CD63,0.166
Q1ZXB4,0.166
Q54CC9,0.166
Q54DA6,0.166
Q54FM1,0.166
Q54GC1,0.166
Q54IA4,0.166
Q54IM2,0.166
Q54J45,0.166
Q54J63,0.166
Q54KW8,0.166
Q54M69,0.166
Q54S79,0.166
Q54SH2,0.166
Q54SJ8,0.166
Q54UF9,0.166
Q54WG7,0.166
Q55AE0,0.166
Q55AK6,0.166
Q55D54,0.166
Q55F96,0.166
Q86I88,0.166
P35085,0.167
Q54CP6,0.167
Q54ET3,0.167
Q54G73,0.167
Q54I45,0.167
Q54JL7,0.167
Q54RQ4,0.167
Q54XY0,0.167
Q550G2,0.167
Q553A4,0.167
Q55BY4,0.167
Q55E55,0.167
Q55EH5,0.167
Q55F56,0.167
Q55GJ7,0.167
Q7KWN2,0.167
Q869L2,0.167
Q86KQ5,0.167
B0G111,0.168
P36411,0.168
Q54CD1,0.168
Q54DP8,0.168
Q54GG4,0.168
Q54JE2,0.168
Q54JL9,0.168
Q54KF3,0.168
Q54QK3,0.168
Q54SB7,0.168
Q54X10,0.168
Q54XT8,0.168
Q54XX7,0.168
Q551G5,0.168
Q556N4,0.168
Q55AI0,0.168
Q55AX0,0.168
Q55B61,0.168
Q55C18,0.168
Q55F28,0.168
Q75JN6,0.168
Q7YSJ4,0.168
Q1ZXC2,0.169
Q54DG5,0.169
Q54FE3,0.169
Q54FH7,0.169
Q54GX9,0.169
Q54IP4,0.169
Q54L31,0.169
Q54M29,0.169
Q54PL7,0.169
Q54V68,0.169
Q54VT4,0.169
Q54W87,0.169
Q54ZN9,0.169
Q550I3,0.169
Q557B3,0.169
Q55DI4,0.169
Q55ED4,0.169
Q55GD6,0.169
Q5V9F0,0.169
Q86KU7,0.169
O76542,0.17
Q1ZXN8,0.17
Q54BL2,0.17
Q54BN8,0.17
Q54CK5,0.17
Q54DD1,0.17
Q54G70,0.17
Q54I21,0.17
Q54JJ9,0.17
Q54M63,0.17
Q54PB2,0.17
Q54UZ8,0.17
Q55DW4,0.17
Q55F26,0.17
Q86IA3,0.17
Q86KB5,0.17
P54660,0.171
Q1ZXL7,0.171
Q54BT3,0.171
Q54LF1,0.171
Q54LP3,0.171
Q54M52,0.171
Q54ML4,0.171
Q54QE9,0.171
Q54QF2,0.171
Q54VY8,0.171
Q54XB5,0.171
Q54Z25,0.171
Q550C4,0.171
Q554N4,0.171
Q55EX4,0.171
Q55FJ8,0.171
Q869Y3,0.171
Q54JW8,0.172
Q54LQ0,0.172
Q54LW5,0.172
Q54M62,0.172
Q54N73,0.172
Q54QQ3,0.172
Q54SS3,0.172
Q54TS2,0.172
Q54W56,0.172
Q54XC3,0.172
Q55AQ3,0.172
Q55DC1,0.172
Q55DL5,0.172
Q86IH5,0.172
Q9UAG7,0.172
Q54CW3,0.173
Q54GR7,0.173
Q54HC8,0.173
Q54Q60,0.173
Q54SG1,0.173
Q54X23,0.173
Q54XB2,0.173
Q54XQ6,0.173
Q54YF6,0.173
Q54ZX7,0.173
Q55BS3,0.173
Q55CT7,0.173
Q55D20,0.173
Q76NW7,0.173
Q8STF9,0.173
B0G121,0.174
P18613,0.174
Q54C85,0.174
Q54IB7,0.174
Q54L53,0.174
Q54RB1,0.174
Q54U33,0.174
Q54VT5,0.174
Q54W89,0.174
Q558Y3,0.174
Q55B99,0.174
Q7KWL3,0.174
Q86KP9,0.174
Q8T282,0.174
Q54F47,0.175
Q54JH5,0.175
Q54MR8,0.175
Q54MT0,0.175
Q54QE0,0.175
Q54W55,0.175
Q555V7,0.175
Q55E19,0.175
Q55F12,0.175
Q55FS7,0.175
Q86B05,0.175
B0G0Y4,0.176
Q54EB4,0.176
Q54FZ1,0.176
Q54HS1,0.176
Q54KJ7,0.176
Q54L23,0.176
Q54P59,0.176
Q54PE8,0.176
Q54PI5,0.176
Q54TT9,0.176
Q54VH3,0.176
Q54WJ0,0.176
Q555B8,0.176
Q555L7,0.176
Q55CT1,0.176
Q55E97,0.176
Q55EB8,0.176
Q55FD0,0.176
Q55FR4,0.176
B0G0Z6,0.177
Q54CK2,0.177
Q54F86,0.177
Q54FD6,0.177
Q54H59,0.177
Q54HI6,0.177
Q54J81,0.177
Q54LT2,0.177
Q54QM6,0.177
Q54VN3,0.177
Q54WK0,0.177
Q54WR8,0.177
Q54XG0,0.177
Q54Y38,0.177
Q54YB2,0.177
Q55BV4,0.177
Q55D91,0.177
Q6TMJ4,0.177
Q76NV1,0.177
Q7KWR7,0.177
Q86AH0,0.177
Q86K35,0.177
Q9GPS6,0.177
P08796,0.178
Q54E34,0.178
Q54GW1,0.178
Q54H47,0.178
Q54KL3,0.178
Q54L07,0.178
Q54LH0,0.178
Q54MZ0,0.178
Q54P80,0.178
Q54Q95,0.178
Q54R87,0.178
Q54TV8,0.178
Q551H4,0.178
Q55B24,0.178
Q55FL5,0.178
Q55FW3,0.178
Q7KWY3,0.178
Q86HN7,0.178
Q8MYF2,0.178
Q8T2J7,0.178
Q54EB9,0.179
Q54K99,0.179
Q54MP1,0.179
Q54NM4,0.179
Q54TL0,0.179
Q54W52,0.179
Q55D05,0.179
Q55EJ2,0.179
Q869R3,0.179
Q8T268,0.179
Q95ZG4,0.179
O76329,0.18
P34143,0.18
Q23915,0.18
Q54B45,0.18
Q54BH4,0.18
Q54DU3,0.18
Q54ED1,0.18
Q54F38,0.18
Q54FY0,0.18
Q54I84,0.18
Q54K74,0.18
Q54M21,0.18
Q54MD1,0.18
Q54QP6,0.18
Q54RZ3,0.18
Q54S81,0.18
Q54SV2,0.18
Q54XX1,0.18
Q54YV7,0.18
Q55BI4,0.18
Q55BK1,0.18
Q55CJ5,0.18
Q55CV1,0.18
Q55GT0,0.18
Q54EN7,0.181
Q54F99,0.181
Q54FB9,0.181
Q54P68,0.181
Q54QE1,0.181
Q54QQ2,0.181
Q54RN1,0.181
Q54RX2,0.181
Q54UZ7,0.181
Q54VI7,0.181
Q54X80,0.181
Q54YP0,0.181
Q550V0,0.181
Q555C4,0.181
Q55B15,0.181
Q55F47,0.181
Q86HC5,0.181
C7G018,0.182
Q54BV7,0.182
Q54EN4,0.182
Q54EX5,0.182
Q54JA5,0.182
Q54KE5,0.182
Q54KJ9,0.182
Q54NM8,0.182
Q54NR5,0.182
Q54QP2,0.182
Q54WA3,0.182
Q54Y04,0.182
Q556P0,0.182
Q559D0,0.182
Q55CZ0,0.182
Q8MQU6,0.182
B0G182,0.183
Q54BH1,0.183
Q54CW9,0.183
Q54EQ1,0.183
Q54K30,0.183
Q54L85,0.183
Q54TU9,0.183
Q54UB0,0.183
Q54ZU0,0.183
Q550Z9,0.183
Q552Y2,0.183
Q55DJ3,0.183
Q55FB4,0.183
Q55GS3,0.183
Q86B10,0.183
P32254,0.184
Q54H95,0.184
Q54IF2,0.184
Q54IS7,0.184
Q54KB3,0.184
Q54LW8,0.184
Q54T76,0.184
Q54Y33,0.184
Q54ZK3,0.184
Q557G0,0.184
Q55AW6,0.184
Q55DV5,0.184
Q55G58,0.184
Q8T2J5,0.184
Q54DJ5,0.185
Q54GC3,0.185
Q54I22,0.185
Q54IG1,0.185
Q54KQ7,0.185
Q54X37,0.185
Q553U1,0.185
Q55BH7,0.185
Q55BH8,0.185
Q55DD4,0.185
Q55DN3,0.185
Q55GV0,0.185
Q75JJ9,0.185
Q75JP4,0.185
Q76P11,0.185
Q86IW5,0.185
Q8T6J5,0.185
Q9U7C9,0.185
Q54H40,0.186
Q54HM5,0.186
Q54JV6,0.186
Q54MN3,0.186
Q54Q11,0.186
Q54Q94,0.186
Q54TP5,0.186
Q54U96,0.186
Q54XI0,0.186
Q54XT1,0.186
Q54XT6,0.186
Q54Y80,0.186
Q54YF9,0.186
Q551H0,0.186
Q554K2,0.186
Q55DJ2,0.186
Q55F68,0.186
Q769F7,0.186
Q54EJ0,0.187
Q54KT3,0.187
Q54L67,0.187
Q54NA7,0.187
Q54NM9,0.187
Q54S26,0.187
Q54SA3,0.187
Q54TH2,0.187
Q54VS6,0.187
Q551J1,0.187
Q552L6,0.187
Q556W1,0.187
Q559U2,0.187
Q75JL6,0.187
Q7KWS8,0.187
Q86KC3,0.187
O76173,0.188
Q1ZXK9,0.188
Q54E41,0.188
Q54IP8,0.188
Q54JT3,0.188
Q54LH2,0.188
Q54PM5,0.188
Q54RL6,0.188
Q54S39,0.188
Q54TD6,0.188
Q54TY6,0.188
Q54U09,0.188
Q54WY3,0.188
Q54XI6,0.188
Q553P6,0.188
Q556L7,0.188
Q55D98,0.188
Q55DA4,0.188
Q86IX2,0.188
C7FZX1,0.189
Q1ZXH9,0.189
Q54D69,0.189
Q54SG3,0.189
Q54T45,0.189
Q54Y32,0.189
Q54Y95,0.189
Q559R8,0.189
Q86HP9,0.189
Q86K66,0.189
Q9GPR2,0.189
Q54F76,0.19
Q54I93,0.19
Q54NS3,0.19
Q54SH9,0.19
Q54TZ2,0.19
Q54U14,0.19
Q54WZ6,0.19
Q556Y3,0.19
Q558Z2,0.19
Q8T869,0.19
P15064,0.191
Q54C49,0.191
Q54IV7,0.191
Q54JC0,0.191
Q54MG1,0.191
Q54S52,0.191
Q54X28,0.191
Q554U9,0.191
Q556H0,0.191
Q559Q5,0.191
Q55CR0,0.191
Q55DA0,0.191
Q55F59,0.191
Q75JP0,0.191
Q869P0,0.191
Q54BM0,0.192
Q54ED0,0.192
Q54GM7,0.192
Q54HN2,0.192
Q54I54,0.192
Q54RQ1,0.192
Q54SQ5,0.192
Q55C65,0.192
Q55EN6,0.192
Q86KG4,0.192
Q1ZXA6,0.193
Q54RB0,0.193
Q54S31,0.193
Q54S75,0.193
Q54WY9,0.193
Q54XT3,0.193
Q55EK2,0.193
Q55FE2,0.193
Q55GH9,0.193
Q86I68,0.193
Q86JE7,0.193
C7G032,0.194
P16894,0.194
P34042,0.194
Q54BW3,0.194
Q54CC0,0.194
Q54H97,0.194
Q54HJ2,0.194
Q54LV2,0.194
Q54NP0,0.194
Q54NP1,0.194
Q54P78,0.194
Q54VB9,0.194
Q54XA0,0.194
Q54XZ5,0.194
Q55BR9,0.194
Q55EH9,0.194
C7FZX8,0.195
C7FZZ4,0.195
Q54D59,0.195
Q54IS9,0.195
Q54IU0,0.195
Q54K07,0.195
Q54KF7,0.195
Q54M17,0.195
Q54NB6,0.195
Q54P87,0.195
Q54RJ1,0.195
Q54TN1,0.195
Q54WF5,0.195
Q55CF7,0.195
Q55EV9,0.195
Q54CJ5,0.196
Q54EC2,0.196
Q54EQ0,0.196
Q54H94,0.196
Q54MC0,0.196
Q54QW1,0.196
Q54W34,0.196
Q554G9,0.196
Q554H4,0.196
Q559A6,0.196
Q55CW2,0.196
Q86J15,0.196
P36412,0.197
Q54CN8,0.197
Q54CN9,0.197
Q54DL5,0.197
Q54HU4,0.197
Q54JR2,0.197
Q54KE2,0.197
Q54NY5,0.197
Q54Y70,0.197
Q54ZM4,0.197
Q55DQ2,0.197
Q55FR2,0.197
Q54DV7,0.198
Q54IM3,0.198
Q54IT8,0.198
Q54JY1,0.198
Q54LE2,0.198
Q54M68,0.198
Q54PL0,0.198
Q54QC4,0.198
Q54T20,0.198
Q54UL9,0.198
Q553M8,0.198
Q55FR0,0.198
Q54BH3,0.199
Q54F65,0.199
Q54HY6,0.199
Q54RP8,0.199
Q555Q0,0.199
Q556T9,0.199
Q558U1,0.199
Q55BS2,0.199
Q55FN8,0.199
Q58A42,0.199
Q86AX2,0.199
Q8ST87,0.199
P34046,0.2
Q54C27,0.2
Q54G01,0.2
Q54IE9,0.2
Q54IL3,0.2
Q54KR6,0.2
Q54NN4,0.2
Q54NS7,0.2
Q54PE0,0.2
Q54ZW6,0.2
Q556M3,0.2
Q55AM9,0.2
Q55BU9,0.2
Q55CD0,0.2
Q55E35,0.2
Q54CW5,0.201
Q54DP5,0.201
Q54E47,0.201
Q54LX7,0.201
Q54NL4,0.201
Q54SY9,0.201
Q54WC9,0.201
Q556T4,0.201
Q55DT6,0.201
Q55DX6,0.201
Q86K74,0.201
Q8T191,0.201
Q23862,0.202
Q54CH1,0.202
Q54Q53,0.202
Q54R42,0.202
Q54TD8,0.202
Q54U20,0.202
Q54Z90,0.202
Q550W1,0.202
Q55AX3,0.202
Q55E18,0.202
Q86A74,0.202
Q86H65,0.202
P22684,0.203
Q54D76,0.203
Q54FB1,0.203
Q54GY6,0.203
Q54HB0,0.203
Q54LN2,0.203
Q54WM4,0.203
Q55AW5,0.203
Q55F81,0.203
Q55GF9,0.203
Q6RZZ9,0.203
Q86AF0,0.203
Q86KS1,0.203
Q8T154,0.203
Q54BI6,0.204
Q54P61,0.204
Q54S23,0.204
Q54WG3,0.204
Q559Z3,0.204
Q55EX3,0.204
Q55FU1,0.204
Q6S002,0.204
Q86HQ9,0.204
P34115,0.205
Q54D61,0.205
Q54J57,0.205
Q54JQ6,0.205
Q54R45,0.205
Q54TK6,0.205
Q553Y7,0.205
Q55A32,0.205
Q55FK2,0.205
Q55FP7,0.205
Q75JQ3,0.205
P54642,0.206
Q54BP1,0.206
Q54CC5,0.206
Q54E62,0.206
Q54LU8,0.206
Q54TZ6,0.206
Q54XP6,0.206
Q55B58,0.206
Q95ZG3,0.206
B0G197,0.207
P34142,0.207
Q1ZXA8,0.207
Q54CN5,0.207
Q54IC1,0.207
Q54JK0,0.207
Q54R04,0.207
Q86L17,0.207
B0G126,0.208
C7G025,0.208
Q54EQ3,0.208
Q54H71,0.208
Q54HX1,0.208
Q54J42,0.208
Q54K69,0.208
Q54LW4,0.208
Q54QZ6,0.208
Q54U18,0.208
Q54U38,0.208
Q55BY2,0.208
Q55FV0,0.208
Q75JY0,0.208
Q869T2,0.208
Q86AH6,0.208
Q86HL5,0.208
Q9NGW9,0.208
P0CD61,0.209
P18161,0.209
Q1ZXN2,0.209
Q54HE1,0.209
Q54IT4,0.209
Q54MK9,0.209
Q54N33,0.209
Q54N46,0.209
Q54NA9,0.209
Q54NS0,0.209
Q54XJ8,0.209
Q54ZJ9,0.209
Q551S2,0.209
Q556Y0,0.209
Q55E32,0.209
Q86IG3,0.209
Q95ZG8,0.209
Q9GTN7,0.209
Q54G55,0.21
Q54II1,0.21
Q54Q97,0.21
Q55D57,0.21
Q869L7,0.21
Q86I62,0.21
Q86IL9,0.21
Q8T683,0.21
C7G057,0.211
Q54I50,0.211
Q54LC0,0.211
Q54PL2,0.211
Q54Q18,0.211
Q54VM5,0.211
Q54XJ9,0.211
Q55E20,0.211
Q769F6,0.211
Q86A08,0.211
Q86K95,0.211
Q54CD7,0.212
Q54GM0,0.212
Q54IC2,0.212
Q54IF3,0.212
Q54MS0,0.212
Q54XX6,0.212
Q55FH2,0.212
Q55FR8,0.212
Q54CR2,0.213
Q54DW2,0.213
Q54IP7,0.213
Q54PQ9,0.213
Q54RT5,0.213
Q54TU1,0.213
Q552B8,0.213
Q55BH9,0.213
Q55BV1,0.213
Q55ET6,0.213
Q55GN0,0.213
Q86I95,0.213
Q54GN0,0.214
Q54HG9,0.214
Q54MP3,0.214
Q54R41,0.214
Q54VI6,0.214
Q54YU5,0.214
Q55ET3,0.214
Q769F9,0.214
Q7KWW0,0.214
Q9NA13,0.214
Q9NKX1,0.214
Q54DH6,0.215
Q54EM3,0.215
Q54IP3,0.215
Q54ME7,0.215
Q54NL0,0.215
Q54P37,0.215
Q54Q29,0.215
Q55CP4,0.215
Q1ZXJ3,0.216
Q54G37,0.216
Q54N54,0.216
Q54S87,0.216
Q54TW5,0.216
Q55C97,0.216
Q55DN6,0.216
Q55G49,0.216
Q55GP6,0.216
Q869Z0,0.216
Q54CD6,0.217
Q54HU9,0.217
Q54JU2,0.217
Q54WD3,0.217
Q54YP8,0.217
Q55EM4,0.217
Q8MMS1,0.217
Q54GG3,0.218
Q54KZ8,0.218
Q54RC3,0.218
Q54XJ6,0.218
Q55BA8,0.218
Q54CD8,0.219
Q54YU8,0.219
Q55CT3,0.219
Q95US4,0.219
Q54PF1,0.22
Q54QH1,0.22
Q54QP7,0.22
Q54RJ3,0.22
Q55AI8,0.22
Q54H98,0.221
Q54ID8,0.221
Q54TN9,0.221
Q55FV9,0.221
Q869T6,0.221
Q869W8,0.221
Q54FA1,0.222
Q54N74,0.222
Q54RT4,0.222
Q55FU9,0.222
Q869Q9,0.222
Q86LA2,0.222
Q54D90,0.223
Q54N59,0.223
Q54NQ7,0.223
Q54SN3,0.223
Q54SQ0,0.223
Q75JI6,0.223
Q54N72,0.224
Q54XK2,0.224
Q54Y30,0.224
Q54YN3,0.224
Q55GP7,0.224
Q75JT4,0.224
Q54BD7,0.225
Q54CY5,0.225
Q54GR8,0.225
Q54R07,0.225
Q55AR1,0.225
Q55BC2,0.225
Q55EQ9,0.225
Q86JC9,0.225
Q86JK8,0.225
Q55BR2,0.226
Q55DE2,0.226
Q55EP5,0.226
Q55GQ9,0.226
Q54IN0,0.227
Q54NE5,0.227
Q54TZ8,0.227
Q55BE9,0.227
Q55GJ9,0.227
C7FZW2,0.228
P34043,0.228
Q54CR1,0.228
Q54IP5,0.228
Q54RD7,0.228
Q558Y5,0.228
Q86A18,0.228
Q54V92,0.229
Q54XJ2,0.229
Q55GJ2,0.229
B0G183,0.23
Q54JA3,0.23
Q54R62,0.23
Q54U89,0.23
Q54VH1,0.23
Q556S2,0.23
Q558K8,0.23
Q55D94,0.23
Q86AF6,0.23
Q8T2T7,0.23
Q9BKJ9,0.23
Q54H73,0.231
Q54P23,0.231
Q54RN4,0.231
Q54Y03,0.231
Q551L2,0.231
Q55EF0,0.231
Q86AD8,0.231
B0G0Y8,0.232
C7G026,0.232
Q54G63,0.232
Q54HH9,0.232
Q54U08,0.232
Q54UB6,0.232
Q54VK1,0.232
Q54VY0,0.232
Q555E8,0.232
Q86IF9,0.232
Q54BV1,0.233
Q54WK9,0.233
Q55D78,0.233
Q55EF7,0.233
Q54HR9,0.234
Q54K44,0.234
Q54PA2,0.234
Q54QL9,0.234
Q54X97,0.234
Q55BN8,0.234
Q55DS5,0.234
Q9Y1W0,0.234
Q54GQ6,0.235
Q54K22,0.235
Q54QH3,0.235
Q54UD0,0.235
Q86H60,0.235
Q86HX3,0.235
P36408,0.236
Q54DF4,0.236
Q54GP6,0.236
Q550G0,0.236
Q55FJ4,0.236
Q55G63,0.236
Q8MMR8,0.236
P0CD60,0.237
Q54ID5,0.237
Q54Q56,0.237
Q54W97,0.237
P16051,0.238
Q55FZ9,0.238
Q86K43,0.238
Q86KX9,0.238
Q54G35,0.239
Q54L26,0.239
Q54LK8,0.239
Q54QY8,0.239
Q54RF6,0.239
Q556R8,0.239
Q6S000,0.239
Q54ET0,0.24
Q54F92,0.24
Q55CJ8,0.24
Q86JD4,0.24
Q54T95,0.241
Q54VZ3,0.241
Q54WQ4,0.241
Q54WW9,0.241
Q75JL8,0.241
P34140,0.242
Q54HR7,0.242
Q54IC9,0.242
Q54X09,0.242
Q55EI7,0.243
Q58A41,0.243
Q6B9X6,0.243
Q86KR0,0.243
Q54CX4,0.244
Q54EK3,0.244
Q54IV4,0.244
Q54KN2,0.244
Q54LY6,0.244
Q54G71,0.245
Q556C6,0.245
Q556W2,0.245
Q86AG5,0.245
Q54E89,0.246
Q54GM8,0.246
Q54IS5,0.246
Q55DN4,0.246
Q75JN1,0.246
Q8T9W1,0.246
P54679,0.247
Q54EA4,0.247
Q54EY9,0.247
Q54TF9,0.247
Q54XP9,0.247
Q8MXQ3,0.247
Q54DW9,0.248
Q54H87,0.248
Q54M88,0.248
Q55CT6,0.248
Q86IY4,0.248
Q54CG0,0.249
Q54FL2,0.249
Q54T65,0.249
Q54VZ2,0.249
Q54Y52,0.249
Q556M4,0.249
Q869W1,0.249
Q1ZXE4,0.25
Q54CL3,0.25
Q54PD6,0.25
Q54QY9,0.25
Q54SC3,0.25
Q54Z16,0.25
Q54HL1,0.251
Q557K5,0.251
Q55G26,0.251
Q9GNF0,0.251
P34139,0.252
Q54G07,0.252
Q54N40,0.252
Q54NU2,0.252
Q54QD5,0.252
Q552H9,0.252
Q55BC7,0.252
Q54C86,0.253
Q54T29,0.253
Q54XV0,0.253
Q8MMQ2,0.253
Q54C64,0.254
Q54MD6,0.254
Q54U91,0.254
Q54XH8,0.254
Q86B20,0.254
Q8MXL9,0.254
Q54N80,0.255
Q54DT9,0.256
Q86JE3,0.256
Q54L98,0.257
Q54QR3,0.257
Q86AD3,0.257
Q86KB4,0.257
C7G041,0.258
Q54BX7,0.258
Q54GY8,0.258
Q54HK2,0.258
Q54P57,0.258
Q554F5,0.258
Q557F6,0.258
P20790,0.26
Q54C61,0.26
Q54JQ5,0.26
Q54T88,0.26
Q54TP6,0.26
Q8T126,0.26
Q54FX5,0.261
Q54KL4,0.261
Q54TP9,0.261
Q550H5,0.261
Q55G25,0.261
Q55GF0,0.261
Q65YR7,0.261
Q54BK7,0.262
Q54TR4,0.262
Q55DI9,0.262
Q9BPU3,0.262
Q54CT9,0.263
Q54DZ2,0.263
Q54EM7,0.263
Q54FL5,0.263
Q55EH0,0.263
P13773,0.264
Q54LK1,0.265
Q54LP7,0.265
Q54BC0,0.266
Q54CN4,0.266
Q54D09,0.266
Q550P3,0.266
Q1ZXD9,0.267
Q54MJ7,0.267
Q55AC2,0.267
Q55ED8,0.267
Q9NH03,0.267
Q54RX9,0.269
Q55DD1,0.269
Q54DN0,0.27
Q54FF5,0.27
Q54VX1,0.27
Q8T690,0.27
Q54N25,0.271
Q54SV1,0.271
Q54JM9,0.272
Q54NX5,0.272
Q54KW2,0.273
Q86HN8,0.273
Q86JM0,0.273
Q54R79,0.274
Q86H96,0.274
Q54DE8,0.275
Q54HJ3,0.275
Q54MC4,0.275
Q54NK3,0.275
Q558W0,0.275
Q559X6,0.275
Q55BS8,0.275
Q8T8P3,0.275
Q54VC7,0.276
Q75JR6,0.276
Q86JP5,0.276
Q54W35,0.277
Q86HD0,0.277
O77229,0.278
Q54N85,0.278
Q54Q49,0.278
Q54QU7,0.278
Q55E31,0.278
Q55GI4,0.278
Q54RR4,0.279
Q9NCL8,0.279
Q54Q75,0.28
Q54T73,0.28
C7G083,0.282
Q54FB6,0.282
Q54K01,0.282
O21035,0.283
Q54BJ7,0.283
Q54E40,0.283
Q54SS0,0.283
Q54XZ0,0.283
Q55GH1,0.283
Q76P23,0.283
P36409,0.284
Q75JT6,0.284
Q8I7T3,0.285
Q54CZ3,0.286
Q54VJ4,0.286
Q54RA2,0.287
Q54WT0,0.287
Q54JB3,0.288
Q1ZXP8,0.29
Q54W86,0.29
Q8T2K9,0.29
Q54L60,0.291
Q54Y78,0.291
Q86AC7,0.291
O96759,0.292
Q54RN6,0.292
Q54TM1,0.292
Q55D76,0.292
Q86B08,0.292
Q86HH3,0.292
Q54C55,0.293
Q54MM0,0.293
Q54U86,0.293
Q54BP9,0.294
Q54FE7,0.294
Q54US8,0.294
Q54VR8,0.295
Q54VY2,0.296
Q54DR1,0.3
Q54EL0,0.3
Q54WT8,0.3
Q557K0,0.3
Q86JM6,0.301
Q54H86,0.302
Q54CX3,0.303
Q54LK9,0.303
Q54YG0,0.303
Q55D90,0.303
Q55GE4,0.303
Q54IT3,0.304
Q54JR9,0.304
Q54P77,0.304
Q54K78,0.305
Q54TE2,0.305
Q54Y14,0.306
Q54F34,0.307
Q54IS6,0.307
Q54Q89,0.307
Q54YY2,0.308
Q8MXQ2,0.31
Q54TZ7,0.311
Q86H81,0.311
Q54HJ4,0.312
Q54IZ7,0.312
Q54LL8,0.312
Q54VM9,0.313
Q552J9,0.313
P34112,0.314
Q55C85,0.314
Q54GE6,0.315
Q54LM1,0.315
Q54NZ6,0.315
Q553T0,0.317
Q54IP9,0.318
Q55BU8,0.319
P21837,0.32
Q54TB0,0.32
Q54LF0,0.321
Q54SC0,0.321
Q54I12,0.322
Q86JM5,0.322
Q55AX2,0.323
Q551G6,0.325
B0G180,0.326
Q7KWQ5,0.326
Q86JP3,0.327
Q54VL3,0.33
Q54P72,0.332
Q54KL1,0.334
Q54TH7,0.335
Q54U30,0.335
Q55AA7,0.335
Q55BL6,0.335
Q54EA1,0.336
Q554R7,0.336
Q54T09,0.337
Q54XX2,0.337
Q55EY5,0.337
Q86L18,0.34
Q1ZXQ4,0.342
Q54BT7,0.342
Q54RX7,0.343
Q54SL9,0.344
Q54XL8,0.344
Q550C1,0.344
P42526,0.345
Q54FK8,0.345
Q54NM3,0.345
Q75JC5,0.345
Q54FG4,0.347
Q54XE8,0.347
Q55D58,0.347
Q54GC2,0.348
Q54L39,0.348
Q7KWV8,0.348
Q54EX8,0.349
Q54IA1,0.349
Q54LN5,0.349
Q54VE2,0.349
Q550H2,0.351
Q557J5,0.353
Q27564,0.355
Q54JV3,0.355
Q54W18,0.358
Q54JV0,0.36
Q55AW9,0.36
Q54M25,0.363
Q54JE3,0.366
Q55GG9,0.368
Q86K31,0.369
Q54KH2,0.37
Q54RZ5,0.371
Q54EX7,0.373
Q54KX3,0.373
Q55BT7,0.375
Q55AP1,0.381
P32253,0.382
Q54W30,0.382
Q54N98,0.383
Q75JI5,0.384
Q55E82,0.385
Q54NX3,0.386
Q54S63,0.386
Q55BF9,0.387
Q55D85,0.387
Q55AF6,0.388
Q54HW0,0.389
Q556S5,0.389
Q551M9,0.39
Q54PL1,0.392
Q54JE9,0.394
Q54JX1,0.397
Q54CC6,0.398
Q55CH9,0.398
Q54Y48,0.4
P13231,0.401
Q555E4,0.402
Q54VB0,0.404
Q86KA4,0.407
Q54XS7,0.408
Q55FZ5,0.41
Q86HW2,0.41
Q966U0,0.41
Q1ZXC3,0.411
Q54DW1,0.411
Q54MI5,0.416
Q55G90,0.416
Q54YZ4,0.418
Q556H6,0.418
Q54XZ1,0.419
Q54YE8,0.419
Q54RW4,0.421
Q54V95,0.421
Q55E67,0.423
Q54R47,0.424
Q9UA41,0.424
Q54L05,0.425
Q54Q52,0.425
Q54Z02,0.425
Q54BJ5,0.426
Q54K52,0.426
Q54RR6,0.427
Q54GK8,0.433
Q55GW0,0.434
Q7KWW3,0.438
Q55FL0,0.443
Q55GW1,0.446
Q54KR0,0.45
Q55C94,0.45
Q869B9,0.451
Q55BN2,0.452
Q54UW1,0.454
Q54ND5,0.455
Q54CX2,0.457
Q9NKW1,0.457
Q55E63,0.465
Q54HV4,0.466
Q8MP58,0.466
Q54N68,0.467
Q54BY9,0.468
Q54QI7,0.468
Q54V88,0.47
Q54E57,0.471
Q54J36,0.471
Q54ID0,0.472
Q54Y25,0.474
Q54M18,0.475
Q54IM8,0.476
Q55GM6,0.476
Q54XX9,0.477
Q54YR4,0.479
Q54YF3,0.48
Q556S6,0.481
Q75JL2,0.483
Q54P88,0.484
Q54S35,0.487
Q54XF6,0.487
Q553I0,0.49
Q54I78,0.491
O21045,0.492
Q54BH0,0.492
Q54WJ1,0.492
Q7KWX2,0.492
Q54IY2,0.493
Q54K35,0.493
Q54XS2,0.493
Q554C4,0.494
Q55DQ6,0.494
Q54F06,0.495
Q54HN7,0.495
Q55C52,0.495
Q54CT8,0.497
Q54QE2,0.497
Q54WE8,0.5
Q54GF1,0.502
Q553V2,0.502
Q54W88,0.504
Q55FI1,0.504
Q75K17,0.504
Q54M86,0.506
Q54D12,0.507
Q55A40,0.507
Q86L22,0.508
Q54NM6,0.51
Q54NZ8,0.512
Q54MJ1,0.513
Q54T75,0.513
Q555E3,0.513
Q86JL2,0.514
Q54Y72,0.517
Q8I7W9,0.518
Q54QP9,0.52
Q54SI4,0.52
Q54UQ6,0.521
Q55DT8,0.521
Q54I27,0.522
Q54VE8,0.522
Q54IA0,0.523
Q54PT4,0.523
Q54ES4,0.525
Q54SG2,0.525
Q54UH1,0.525
Q54DN9,0.526
Q556I2,0.526
Q55F22,0.526
Q54JW0,0.53
Q54ND0,0.53
Q9GPS1,0.532
Q54HG5,0.535
Q54MY2,0.536
Q54NS9,0.536
Q37313,0.54
Q55EZ9,0.54
Q54BM8,0.541
Q54LW3,0.544
Q54DY1,0.545
Q54G19,0.545
Q54UT2,0.547
Q55EC5,0.548
Q54D04,0.55
Q54G97,0.552
Q54JT8,0.555
Q54N67,0.557
Q54NC1,0.557
O21038,0.558
Q55GU4,0.559
Q54PT6,0.56
B0G119,0.562
Q54I91,0.562
Q54DF7,0.563
Q55CJ9,0.564
Q54GL4,0.565
Q54G84,0.566
Q54NS1,0.567
Q37311,0.569
Q54VS7,0.569
Q54M56,0.57
Q869L9,0.571
Q54W24,0.573
Q55CV9,0.573
Q54ZY3,0.575
Q54UK1,0.578
Q54X04,0.579
Q557I0,0.581
Q54MJ5,0.582
Q54VS1,0.584
Q556J1,0.584
C7G061,0.585
Q86A84,0.585
Q55ER6,0.586
Q54IL4,0.588
Q556V1,0.588
Q55E52,0.588
Q54JV8,0.589
Q54R43,0.59
Q54B20,0.592
Q550Q8,0.593
Q54LP9,0.594
Q54WD4,0.594
Q54T46,0.598
Q7KWY4,0.598
Q54VC5,0.6
Q55CI6,0.6
Q54HW4,0.603
Q54MZ8,0.603
Q55E30,0.603
Q8T663,0.603
Q54DD3,0.604
Q54B22,0.605
Q54G50,0.605
Q54SX4,0.606
Q54FD7,0.607
Q54S83,0.607
Q8T133,0.607
Q54K91,0.608
Q54WM5,0.609
Q54P40,0.613
Q54VR5,0.614
Q54WC6,0.616
Q54RR5,0.617
Q54MY0,0.619
Q86A90,0.619
Q37315,0.62
Q54CE4,0.621
Q54XE3,0.621
Q55C00,0.622
Q54YU4,0.624
Q554U6,0.625
Q54KE6,0.627
Q54GQ0,0.628
Q54YK4,0.628
Q55GN7,0.632
B0G178,0.633
Q54IQ1,0.633
Q552K6,0.633
Q86AD9,0.634
Q86HS0,0.634
Q559P3,0.635
Q55BE1,0.635
Q54B71,0.637
Q551Y3,0.637
Q552R4,0.637
Q86A68,0.637
Q551D9,0.64
Q54T08,0.641
Q559Z1,0.642
Q54D03,0.643
Q86HC3,0.643
Q54BN1,0.644
Q869Z4,0.645
Q54I58,0.646
Q9GPZ7,0.646
Q55FI3,0.649
Q54U47,0.65
Q8WSV6,0.65
Q54BU5,0.652
Q54HH1,0.652
Q55ES5,0.655
Q54F37,0.657
Q54GH8,0.657
Q55A06,0.657
Q54C45,0.658
Q869N8,0.658
Q54L16,0.66
Q75JQ8,0.66
Q54JT0,0.661
Q54KV4,0.662
Q54PL9,0.662
Q75JQ7,0.662
Q54JR3,0.663
Q54KB7,0.663
Q54XD9,0.664
Q54SV6,0.666
Q34313,0.667
Q54FN9,0.667
Q54W51,0.667
Q550P4,0.667
Q54EU1,0.668
Q555C8,0.67
Q54Z70,0.672
Q55GI2,0.672
Q54IC8,0.673
Q55BF4,0.673
Q552P9,0.674
Q555U6,0.675
Q54N47,0.676
Q55D22,0.677
Q54JK1,0.678
Q54W39,0.678
Q54II4,0.679
Q86L04,0.679
Q54T58,0.68
Q55CY6,0.681
Q55G83,0.681
Q54HM4,0.684
Q54HD3,0.686
Q552L1,0.687
Q553T7,0.687
Q9U1M9,0.687
Q55ER8,0.689
Q54XR1,0.69
Q54CL7,0.693
Q54X21,0.694
Q54N05,0.695
Q55CJ1,0.695
Q1ZXK7,0.698
Q54WC5,0.7
Q54GI9,0.701
Q554Z5,0.701
Q55D12,0.701
Q54L63,0.702
C7G039,0.703
Q54CW7,0.703
Q54E22,0.703
Q55BM0,0.704
Q54DY9,0.705
Q54ET5,0.705
Q54IW8,0.705
Q55EN1,0.707
Q54ZW4,0.708
Q55BJ9,0.708
Q55GS6,0.708
Q86H49,0.709
O21033,0.711
Q54QJ9,0.712
Q54XM2,0.712
Q54FV8,0.713
Q54Y94,0.713
Q556U7,0.713
Q54CV4,0.715
Q55C31,0.722
Q550C8,0.723
Q54LV3,0.724
Q54PY7,0.724
Q55CK8,0.724
Q54TR5,0.725
Q54WI6,0.725
Q54IN6,0.727
Q55BK8,0.727
Q54NR3,0.728
Q8MP20,0.73
Q54EW1,0.731
Q55GI5,0.731
Q54N93,0.735
Q54F94,0.739
Q869N1,0.739
Q55EJ5,0.741
Q54J68,0.742
Q54D65,0.744
Q75JR2,0.744
Q8T9W2,0.745
Q86H28,0.747
Q555D9,0.748
Q55F21,0.748
Q54Q67,0.75
Q55C48,0.75
Q8T2J9,0.751
Q54SI5,0.754
Q54GJ7,0.757
Q75JK9,0.759
O21043,0.76
Q54I88,0.76
Q54QN2,0.76
Q23887,0.761
Q54LP4,0.761
P34136,0.762
Q54VU7,0.762
Q54KY0,0.763
Q55BQ4,0.765
Q54MZ7,0.766
Q54X18,0.766
Q55GH8,0.766
O76740,0.767
Q54WD9,0.768
B0G117,0.769
Q54PM3,0.769
Q557D9,0.769
Q54JK2,0.771
Q54PI8,0.771
Q55BM7,0.771
Q86IZ2,0.771
Q54BW1,0.772
P0C7B6,0.776
Q54XQ3,0.776
Q75JQ5,0.776
Q54H24,0.777
Q55DJ4,0.777
Q54GF3,0.782
Q54KI1,0.783
Q553V1,0.783
Q76NT0,0.784
Q54M99,0.785
Q554U7,0.785
Q54LD3,0.787
Q54NN6,0.788
Q54VB8,0.788
Q559H1,0.788
Q55G50,0.788
Q54CD3,0.789
Q54QF9,0.789
Q54FU9,0.79
Q54VA2,0.79
Q54JV7,0.791
Q54UP1,0.791
Q54YM4,0.792
P34093,0.793
Q1ZXF1,0.793
Q54DF5,0.793
Q54I63,0.793
Q54DX7,0.794
Q54RB8,0.794
Q75K12,0.794
Q54L87,0.795
Q54YA9,0.796
Q75JG3,0.796
Q86L21,0.796
P0C7W5,0.797
Q86KA1,0.797
Q55DB5,0.798
Q869S7,0.799
Q54P99,0.8
Q54VM8,0.801
Q557I2,0.801
Q9GSE7,0.801
Q54RT6,0.802
Q1ZXG5,0.804
Q54P95,0.805
Q54ZD0,0.805
Q54G34,0.807
Q55E73,0.807
Q54X43,0.808
Q55G92,0.809
Q54EW4,0.813
Q54JI6,0.813
Q54KY9,0.814
Q55CN3,0.814
Q54JU0,0.816
Q55FL6,0.816
Q8I0H7,0.816
Q54F10,0.817
Q55C71,0.817
Q54HB2,0.818
Q550W5,0.818
Q55D11,0.818
Q54XQ5,0.819
Q551W4,0.819
P0C8Z6,0.82
Q54N28,0.82
Q54ZA4,0.82
Q55CR4,0.821
Q54HG7,0.822
Q54N07,0.822
Q54Q74,0.822
Q54KY1,0.823
Q76P42,0.823
Q54E56,0.824
Q54J76,0.824
Q54KG7,0.824
Q553K0,0.824
B0G112,0.825
Q55C99,0.826
Q86HC7,0.826
Q54D67,0.827
Q54QG4,0.827
Q54JT6,0.828
Q54QG2,0.828
Q54SE2,0.828
Q54DG1,0.829
Q555U7,0.829
Q54EE7,0.832
Q7KWR0,0.833
Q54HU7,0.834
Q54HY8,0.835
Q86IB7,0.836
Q54F42,0.837
Q54PP3,0.838
Q95NZ8,0.838
Q54HS2,0.839
Q553P8,0.84
Q54UC6,0.841
Q550W3,0.841
Q55GN4,0.841
Q54D52,0.842
Q54IF0,0.842
Q54L14,0.845
Q55E85,0.845
Q54H57,0.846
Q54U71,0.846
Q8T1E2,0.846
Q54K15,0.851
Q54S91,0.852
Q54RS0,0.854
Q55AI5,0.854
Q54E61,0.856
Q54EE6,0.856
Q54NZ0,0.857
Q54YT4,0.857
Q54JL2,0.858
Q553N9,0.859
Q34312,0.86
Q37312,0.861
Q54RV9,0.861
Q54Z42,0.861
Q55FG0,0.861
Q55CZ7,0.862
Q54JC1,0.863
Q550M3,0.864
Q54WE9,0.865
Q55E45,0.865
Q54QM0,0.866
Q54X32,0.866
Q54B42,0.868
Q55CA5,0.869
Q54LM5,0.87
Q54RP2,0.871
B0G189,0.872
Q54DG6,0.872
Q54CX6,0.873
Q54B68,0.876
Q55EM7,0.878
Q54J94,0.879
Q54R89,0.879
Q551V0,0.879
Q54EV4,0.88
Q54KM7,0.88
Q54T03,0.88
Q54CZ2,0.882
Q23883,0.883
Q54CQ1,0.884
Q55GJ3,0.884
Q54K93,0.885
Q54X39,0.886
Q54I90,0.887
Q869Z3,0.887
Q54JM7,0.889
Q54IP6,0.891
Q54GQ7,0.892
Q54LV4,0.892
Q556I5,0.892
Q86H43,0.892
Q55BA6,0.893
Q54B26,0.894
Q54F95,0.894
Q54NW1,0.894
Q54RE7,0.895
B0G196,0.896
Q54VN2,0.898
Q55DY8,0.899
Q86HT3,0.899
Q55DI2,0.9
Q86HR5,0.901
Q54P71,0.902
O21034,0.903
Q54FE6,0.903
Q54P39,0.903
Q86IC5,0.903
Q54VG0,0.905
Q54WA4,0.905
Q54V61,0.906
Q1ZXN5,0.907
Q54XK0,0.907
Q54QR8,0.911
Q54SM0,0.912
Q54P46,0.916
Q54YY9,0.916
Q54CG8,0.917
Q54CK4,0.917
Q54YB8,0.917
P54872,0.918
Q54B10,0.918
Q54CL5,0.918
Q553P7,0.921
Q55CC7,0.921
Q23888,0.923
Q54F29,0.926
Q54YS4,0.926
Q54IA8,0.927
Q54NV4,0.929
Q54Y17,0.929
Q556J9,0.929
Q54TR2,0.931
Q55BP2,0.931
Q54KT4,0.934
Q86L24,0.934
Q8MXM8,0.934
Q54J97,0.935
Q55F30,0.935
Q54QN1,0.936
Q552W5,0.936
Q559Z0,0.938
Q8MYE6,0.938
Q54K38,0.939
Q54NV9,0.94
Q54I67,0.941
Q54RB5,0.942
Q54IH6,0.943
Q54IB4,0.944
Q54KP5,0.946
Q55CD9,0.946
Q23884,0.947
Q86JI0,0.947
Q54W84,0.951
Q54UX3,0.956
Q54MU3,0.957
Q54NS5,0.957
Q75JZ2,0.957
Q54TY5,0.96
Q54CY2,0.961
Q54M22,0.962
Q54Q54,0.967
Q54EU7,0.969
Q54I30,0.974
Q54JD9,0.976
Q553J7,0.976
Q55D72,0.98
Q55C27,0.981
Q75JB5,0.981
Q55GS7,0.983
Q54B62,0.986
Q55E10,0.986
Q54I61,0.992
Q8T131,0.992
Q54MZ4,0.993
Q555F1,0.993
Q23886,0.994
Q54JD2,0.994
Q54VK0,0.995
Q9GRX6,0.996
Q54W11,0.997
Q54JB6,0.998
Q54MS4,0.998
Q54BW7,1
Q54QK2,1
Q8MYF0,1
Q54BM3,1.001
Q54BR2,1.001
Q54XU0,1.001
Q55ED6,1.001
Q54E00,1.002
Q54B92,1.004
Q54RS6,1.005
Q54IW4,1.011
Q54UP6,1.011
Q54YV4,1.011
Q54EW8,1.012
Q54HY7,1.012
O21036,1.013
Q54H56,1.013
Q54HU6,1.014
Q54UU7,1.014
Q86K67,1.014
Q23890,1.015
Q55E94,1.015
Q1ZXB5,1.016
P36967,1.021
Q54DF1,1.026
Q54T96,1.027
Q54XM6,1.027
Q54G54,1.03
Q557H6,1.03
Q9XPI7,1.03
Q54D07,1.032
Q54I10,1.033
Q54Z54,1.033
Q9XPI8,1.033
Q54XD0,1.034
Q55GR1,1.036
O21032,1.037
Q54CY8,1.037
B0G143,1.041
Q54QA4,1.042
Q553S7,1.042
Q55GU3,1.042
Q54K70,1.045
Q54WD1,1.045
Q54N53,1.046
Q54F15,1.047
Q54JE4,1.047
O21037,1.048
Q55G45,1.049
Q54IQ2,1.051
Q55BI2,1.051
Q54B21,1.053
Q54NQ9,1.055
Q550W4,1.056
Q556W7,1.058
Q55GE2,1.058
Q55DD8,1.059
Q9TGM3,1.061
Q54DQ8,1.062
Q55C23,1.062
Q54CZ9,1.063
Q55DS3,1.066
Q55FN7,1.067
Q556G9,1.068
Q54TR7,1.076
Q869Y7,1.078
O21039,1.079
Q54EN1,1.08
Q9U3X4,1.08
Q54F09,1.082
Q54JZ8,1.082
Q54KH9,1.082
Q54JK6,1.085
Q54CG9,1.086
Q557J7,1.091
Q54FH4,1.094
Q54XN1,1.094
Q552S2,1.096
Q54WP3,1.097
Q75JK6,1.097
Q54TR3,1.098
Q54VJ9,1.099
Q553N4,1.1
Q55EE3,1.101
Q54W21,1.102
Q8T1V6,1.104
Q553P4,1.106
Q86K64,1.107
Q54P00,1.108
Q54QC1,1.108
Q54ZX5,1.108
Q23891,1.11
Q54HG8,1.114
Q55F42,1.115
Q86AV5,1.115
Q55FB3,1.117
Q54LH3,1.118
Q55D19,1.118
P36413,1.119
Q54D27,1.12
Q553K8,1.12
Q37314,1.122
Q54NW9,1.122
Q8T866,1.127
Q54C70,1.128
Q54LM9,1.13
Q55BF1,1.132
Q55GJ5,1.133
Q86H83,1.133
Q54VB3,1.134
Q54F93,1.135
Q54WN8,1.135
Q54MV7,1.138
Q55GD7,1.139
Q75JS8,1.139
Q7KWR8,1.141
P90520,1.142
Q54DK1,1.142
Q54PV9,1.142
Q54RP1,1.143
Q55D79,1.144
Q54XH7,1.145
Q86AD5,1.145
Q54D99,1.146
Q86I71,1.146
Q54UV0,1.148
Q1ZXD4,1.151
Q54KN1,1.152
Q54DU1,1.154
Q55CC2,1.156
Q54DT8,1.158
Q86AH1,1.158
Q86I17,1.158
Q54QC2,1.162
B0G159,1.168
Q54XM1,1.171
Q75JN4,1.171
B0G0Y7,1.172
Q54CA5,1.174
Q75JT7,1.176
B0G0Z7,1.177
Q55EC2,1.177
Q86HX0,1.177
Q54CB8,1.179
Q54NI6,1.18
Q54E30,1.183
Q54Q31,1.183
O21047,1.184
Q54JS1,1.184
Q54RA8,1.185
Q54G88,1.187
Q54D88,1.19
Q551I4,1.19
Q54QV8,1.196
Q54ZW2,1.2
Q54FA9,1.203
Q55BS6,1.203
Q54K54,1.204
P29505,1.205
Q552Y0,1.205
Q23889,1.206
Q55G08,1.21
Q54LT0,1.212
Q54XR6,1.215
Q55CK0,1.215
Q55F64,1.215
Q86JB5,1.216
Q54N01,1.217
Q23885,1.222
Q54VK2,1.222
Q54QN4,1.223
Q54D02,1.228
Q54E48,1.233
Q54L27,1.237
Q54WP1,1.241
Q559Z4,1.243
Q8MP23,1.245
C7G062,1.246
Q54TD4,1.249
Q54RB6,1.253
Q54U34,1.259
Q86K57,1.26
Q54HM6,1.263
Q54L97,1.264
Q54TK2,1.264
Q54LR4,1.267
Q552A1,1.267
Q54VX4,1.28
Q86JL1,1.282
Q9XPJ9,1.285
Q86AE2,1.29
Q557F3,1.292
Q86KK8,1.296
Q54MN5,1.301
Q9U641,1.301
B0M0Q3,1.302
Q54M82,1.317
Q4W6B5,1.321
C7G004,1.342
Q86K89,1.342
Q54UB7,1.345
Q55GV8,1.351
P22237,1.354
Q54P11,1.354
Q54VU6,1.355
Q54XU9,1.356
Q54YX7,1.358
O21048,1.367
C7FZZ8,1.369
Q54DI4,1.377
Q55C70,1.379
Q54C69,1.38
Q8T2T5,1.381
Q55GW4,1.382
Q55BP9,1.388
Q1ZXP3,1.391
Q54RB9,1.391
Q55G38,1.395
Q55FH5,1.401
O21050,1.429
A9CLV8,1.438
Q54PX1,1.439
Q55AD7,1.439
A9CLV7,1.447
Q55CS9,1.461
Q54QH6,1.462
Q54QM2,1.468
Q55E91,1.473
P20609,1.475
Q86L28,1.476
Q54JX6,1.48
Q54G09,1.483
Q55CC8,1.496
Q54H66,1.498
Q54B67,1.504
P26310,1.524
Q54N56,1.529
P30815,1.54
Q54V76,1.576
Q54RS2,1.591
Q54QH7,1.597
Q76P15,1.614
O21049,1.633
Q552L9,1.738
Q54JC2,1.745
O21042,1.753
Q54P38,1.769
Q54TT7,1.808
Q75K07,1.829
Q54BF6,1.876
B0G168,2.022
Q54RE9,2.184
O97470,2.193
Q54SI3,2.193
Q54YN1,2.243
Q54UK2,2.252
Q869N6,2.566
Q54YA6,2.627
Q01501,2.865