Entry,t0,t4,t8,t12,t16,t20,t24
DDB_G0267660,0,0.06,0,0.08,0.35,0.07,0.25
DDB_G0267820,0.3,0.51,0,1.05,0.57,0.94,0.29
DDB_G0269220,0,1.03,2.65,1.27,0.39,0.46,0.59
DDB_G0270228,0.12,0.07,0,0.27,0.91,0.43,0.17
DDB_G0270494,0,0.3,0.8,0.55,0.17,0.49,0.43
DDB_G0270738,0,0.38,0.91,1.13,2.38,4.66,2.63
DDB_G0270818,0,0,1.45,2.93,3.68,1.54,0.95
DDB_G0271532,0,0,0,0,0,0,0
DDB_G0271534,0,0.53,4.57,5.19,7.42,6.1,4.64
DDB_G0272648,0,0,0.22,0.24,0,0,0
DDB_G0273135,1.31,0,2.57,3.81,3.71,0.87,1.13
DDB_G0273481,0,0.14,0.35,0.96,2.92,3.52,2.27
DDB_G0273855,0,0,0,0,0,0,0
DDB_G0275569,0,1.27,0.33,1.96,2.79,6.7,9.74
DDB_G0275923,0,0.12,0,0.17,0.42,0.62,0
DDB_G0276537,0,2.88,4.85,3.07,4.89,4.46,2.2
DDB_G0276975,0,0,0,0,0,0,0
DDB_G0277081,0,0.28,0.22,0.35,0.11,0.38,0.32
DDB_G0277359,0,0.1,0.35,0.28,0.21,0.7,0.33
DDB_G0278459,0,0.71,1.3,3.7,6.21,4.53,2.46
DDB_G0278517,0.36,0,1.35,2.24,2.62,0.46,1.43
DDB_G0278857,0,0.27,0.47,0.66,0.2,0.6,0.62
DDB_G0279521,0,0.09,0.23,0.13,0.12,0.23,0
DDB_G0279749,0,0.68,0,1.52,1.54,3.2,2.76
DDB_G0279787,0,0,0.24,0.14,0,0.24,0.52
DDB_G0279789,0,0.76,1.62,2.79,5.44,1.13,0.54
DDB_G0279835,0,0.07,0.36,0.3,0.45,0.73,0.63
DDB_G0280129,0.6,0,0.6,1.01,1.14,0.31,1.85
DDB_G0280411,0,0,0.19,0.25,0.24,0.61,0
DDB_G0280483,0,0.49,0.68,0.61,0.25,3.31,0.48
DDB_G0280843,0,0.13,0.17,0.38,0.85,0.78,0.97
DDB_G0281029,0,0.15,0.55,0.38,0.53,0.6,0.32
DDB_G0281341,0,2.11,4.94,7.3,7.8,8.45,3.65
DDB_G0282063,0,1.21,4.78,7.48,10.97,10.44,9.97
DDB_G0282387,0,0.24,0.37,0.35,1.18,0.13,0.27
DDB_G0282389,0,0.4,0.35,0.8,0,0.54,0.16
DDB_G0282449,0,0.08,0.16,0.23,0.64,0.53,0
DDB_G0282875,0,1.6,2.16,4.06,5.44,2.84,3.15
DDB_G0282897,0,2.33,0.87,6.85,12.26,4.84,5.7
DDB_G0283171,0,0.17,0.34,2.74,3.11,1.34,0
DDB_G0284521,0,0.15,0.35,0.11,0.44,0.1,0.09
DDB_G0285379,0,0,0.46,0.26,0.24,0,0
DDB_G0285471,0.45,0,0.45,0.5,1,1.35,0.78
DDB_G0285657,0,0.23,1.1,1.02,2.18,4.4,1.53
DDB_G0286939,0,0.33,1.01,0.49,0.69,0.62,0.23
DDB_G0287079,0,0.18,0.08,0.45,0.84,0.37,0.49
DDB_G0287213,0,0.64,1.21,1.62,1.13,0.34,0.3
DDB_G0287753,0,0.19,1.13,1.66,0.54,0.58,0.5
DDB_G0287861,0,0,0,0.17,0.27,0.31,0.41
DDB_G0288027,0,0.24,0.16,0.36,0.08,0.42,0.16
DDB_G0288157,0,0.68,0.71,0.34,0.21,0,0.52
DDB_G0288675,0,0.28,1.84,0.83,3.85,1.31,1.45
DDB_G0289191,0,0.66,0.66,0.59,0.75,0.35,0.08
DDB_G0290725,0,0.67,1.19,2,2.76,5.1,2.85
DDB_G0291057,0,0.05,0,0.16,0.48,0.22,0.19
DDB_G0291326,0,0,0.63,0.71,0,0.32,0.28
DDB_G0291338,0,0.09,0,0,0.76,0.56,1.36
DDB_G0292078,0,1.32,0.68,1.46,4.91,1.32,7.22
DDB_G0292542,0,0,0,0,0,0,0
DDB_G0292928,0,0.12,1.31,2.04,1.83,2.15,1.46
DDB_G0293382,0,0,0,0,0,0,0
DDB_G0293922,0,0.24,0.23,0.43,0.42,0.9,0.33
DDB_G0293944,0,0.43,0,1.47,3.14,1.71,0.65
DDB_G0295693,0,0,0.6,0,0,0,0.26
DDB_G0283595,0.15,58.8,60.07,47.77,39.6,20.72,12.51
DDB_G0289693,4.85,75.47,1301.13,1842.7,3050.34,1648.43,820.69
DDB_G0274119,0.33,33.46,39.97,177.69,474.22,392.91,122.43
DDB_G0287599,1.18,18.35,90.94,327.23,498.34,642.73,256.88
DDB_G0275117,1.88,79.09,106.06,155.1,184.52,385.2,327.26
DDB_G0275417,0.18,1.69,8.75,13.89,11.88,7.21,5.25
DDB_G0275683,0.56,14.37,23.84,64.02,137.95,139.79,68.44
DDB_G0293942,3.61,132.49,149.09,120.65,141.26,118.95,116.83
DDB_G0275457,0.12,4.84,4.55,1.37,6.5,11.57,169.47
DDB_G0286397,0.07,0.52,2.56,2.7,2.23,1.21,0.7
DDB_G0285911,1.22,9.47,39.97,57.47,84.92,53.35,37.87
DDB_G0269342,0.67,9.79,21.79,21.2,26.57,13,15.57
DDB_G0275377,0.1,1.71,3.13,3.06,4.04,3.71,5.92
DDB_G0292004,0.64,2.32,19.75,25.1,36.57,11.4,8.48
DDB_G0271590,0.12,0.15,3.62,15.97,47.6,57.69,62.08
DDB_G0281847,0.42,8.19,10.79,8.07,12.42,10.24,8.82
DDB_G0278381,9.35,203.83,235.29,240.04,247.4,215.67,183.28
DDB_G0281241,2.64,0.4,65.93,93.39,27.77,9.41,11.87
DDB_G0279923,1.29,6.76,29.08,30.76,31.22,11.68,13.05
DDB_G0291181,8.06,125.44,181.97,172.53,171.92,174.71,124.82
DDB_G0294032,10.18,206.63,212.24,69.98,164.94,70.24,61.04
DDB_G0286533,10.51,43,215.29,183.37,151.02,78.98,72.69
DDB_G0290799,2.65,4.22,52.65,57.97,45.91,18.42,17.71
DDB_G0270262,1.1,25.1,20.09,21.9,16.43,5.98,6.91
DDB_G0267830,0.63,3.81,11.46,12.01,9.17,2.68,2.29
DDB_G0288469,0.3,0.43,5.22,4.08,7.69,4.29,3.35
DDB_G0268982,0.08,0.52,1.38,0.77,2.9,1.83,1.25
DDB_G0284091,11.44,139.65,196.92,139.08,156.24,69.73,41.93
DDB_G0276169,3.54,44.62,60.92,56.84,62.23,62.6,58.38
DDB_G0281307,0.17,0.8,2.8,5.92,4.26,5.34,4.6
DDB_G0277039,0.42,1.64,6.48,11.93,20.53,21.82,11.56
DDB_G0280183,1.07,3.02,16.3,15.44,9.95,12.27,5.53
DDB_G0283129,3.88,27.35,57.2,57.32,69.23,72.57,50
DDB_G0284341,0.2,1.29,2.89,2.62,4.2,1.41,0.54
DDB_G0349377,1.59,17.88,22.84,21.44,16.28,7.65,6.27
DDB_G0267668,3.74,18.01,53.72,34.15,35.55,11.88,6.89
DDB_G0277049,0.23,1.21,3.22,4.03,5.68,5.24,4.08
DDB_G0290011,1.98,8.35,27.97,31.03,40.38,28.47,21.94
DDB_G0271304,0.52,3.5,7.17,5.27,6.82,2.41,1.46
DDB_G0270764,0.55,1.29,7.28,8.09,9.2,1.67,1.55
DDB_G0274661,202.97,959.74,2684.07,2268.65,2136.41,1748.71,769.68
DDB_G0294014,46.27,582.96,587.34,182.24,257.47,146.69,103.19
DDB_G0273031,0.14,7.44,1.8,3.5,3.4,4.17,1.46
DDB_G0279237,0.03,0.17,0.4,0.57,0.61,0.87,0.6
DDB_G0278013,83.83,1410.69,1040.58,1536.66,471.55,1723.73,1431.21
DDB_G0289915,2.16,23.31,26.54,26.99,21.91,12.95,11.87
DDB_G0286379,2.95,5.47,35.72,33.97,20.53,4.36,4.34
DDB_G0287017,0.72,13.03,8.67,14.84,17.6,7.25,9.6
DDB_G0279951,7.88,12.01,93.65,447.08,1011.98,1090.92,439.9
DDB_G0288901,0.06,0.57,0.71,1.26,1.17,0.9,0.82
DDB_G0276631,0.42,1.85,4.69,6.64,11.75,6.6,4.81
DDB_G0279259,0.44,1.02,5,2.48,1.68,1.93,1.38
DDB_G0284969,1.91,13.46,20.71,19.13,16.52,16.76,14.77
DDB_G0288609,0.8,8.63,8.31,5.9,5.75,10.89,7.06
DDB_G0279221,0.56,1.71,5.78,3.78,2.7,1.98,3.43
DDB_G0283987,10.99,83.37,112.52,105.59,77.9,42.34,31.14
DDB_G0284263,1.4,1.57,14.21,16.3,22.09,6.38,3.81
DDB_G0282157,0.2,0.24,2.05,1.86,2.29,1.86,0.78
DDB_G0294074,12.26,97.23,122.41,56.29,61.52,49.33,39.56
DDB_G0291440,0.47,2.47,4.64,6.58,3.62,1.92,0.61
DDB_G0279547,0.1,0.46,0.95,0.93,1.39,1.06,1.31
DDB_G0275269,2.31,6.31,22.48,22.8,28.78,24.89,9.55
DDB_G0270558,0.13,0.85,1.28,0.96,0.95,0.6,0.46
DDB_G0280367,0.8,0.81,7.55,15.06,36.79,29.01,22.79
DDB_G0267680,0.31,0.46,2.87,6.5,8.3,6.94,8.79
DDB_G0283049,0.58,1.86,5.14,6.56,8.65,9.26,9.44
DDB_G0290089,0.56,3.09,5,6.46,9.94,18.87,32.34
DDB_G0288681,4.19,1.78,36.37,48.68,48.83,10.87,11.36
DDB_G0294425,10.85,91.33,93.26,42.51,81.77,62.11,44.36
DDB_G0270868,0.09,0.34,0.79,1.38,2.98,2.74,2.12
DDB_G0284901,2.05,8.87,17.48,12.85,11.56,7.03,6.77
DDB_G0291794,0.13,0.42,1.1,1.93,2.3,2.03,2.11
DDB_G0276155,25.21,134.25,210.98,131.43,111.68,116.7,106.31
DDB_G0280453,4.4,25.31,36.45,24,25.21,10.11,6.66
DDB_G0285587,12.45,37.24,102.83,93.06,84.43,87.06,71.59
DDB_G0270158,0.73,3.97,5.9,4.89,6.39,2.39,2.6
DDB_G0284755,2.16,18.9,17.55,15.32,24.06,12.38,5.77
DDB_G0294022,1.84,11.89,14.64,6.34,24.09,10.59,18.26
DDB_G0272931,3.61,5.67,28.67,30.6,44.13,21.47,21.55
DDB_G0293938,2.61,19.2,20.74,19.14,27.89,13.37,8.59
DDB_G0273089,2.62,15.5,20.34,17.97,13.78,16.31,11.08
DDB_G0268776,0.21,0.31,1.59,2.19,3.37,2.43,2.09
DDB_G0272142,1.11,1.97,8.53,7.1,5.06,2.74,2.46
DDB_G0285903,6.92,51.74,52.95,42.22,17.9,10.19,5.73
DDB_G0278273,0.09,0.14,0.69,0.57,1.21,1.76,1.48
DDB_G0287799,3.62,15.99,26.84,26.65,28.14,17.6,18.21
DDB_G0288329,5.49,8,39.88,43.45,61.84,47.39,48.65
DDB_G0282967,11,39,79.9,66.02,55.41,39.94,38.43
DDB_G0287769,0.33,1.91,2.34,3.83,3.21,1.53,1.81
DDB_G0270466,0.28,0.72,1.99,1.84,2.32,1.49,0.83
DDB_G0272358,0.44,1.7,3.14,5.67,4.96,2.55,2.54
DDB_G0294076,11.31,54.97,79.97,41.18,62.67,45.03,35.06
DDB_G0287161,0.59,3,4.16,2.72,0.86,1.54,0.91
DDB_G0295743,1.1,3.35,7.68,6.7,5.42,6.62,7.45
DDB_G0269418,0.3,0.45,2.09,6.55,7.14,4.23,2.75
DDB_G0267486,0.61,0.81,4.26,9.42,6.65,4.78,5.32
DDB_G0281799,0.8,0.97,5.48,8.19,8.69,6.71,8.28
DDB_G0275739,2.4,13.63,16.48,19.39,17.78,10.16,9.44
DDB_G0294056,1.95,11.3,13.26,4.49,13.48,6.35,8.29
DDB_G0267644,1.44,9.73,9.77,9.93,7.12,4.61,4.91
DDB_G0290009,1.91,11.63,12.84,15.32,14.91,10.2,8.65
DDB_G0276789,4.01,62.16,26.98,18.6,28.12,18.78,11.93
DDB_G0292646,0.6,3.46,3.99,3.48,5.42,3.5,2.63
DDB_G0271820,3.19,15.13,21.14,30.93,28.87,11.83,10.38
DDB_G0279261,0.13,0.49,0.87,2.48,2.48,1.67,1.3
DDB_G0274401,0.18,0.87,1.16,1.34,1.2,0.98,0.48
DDB_G0290083,2.09,6.71,13.72,18.12,10.56,11.36,4.18
DDB_G0281159,0.09,0.46,0.61,1.15,1.2,0.87,0.73
DDB_G0280549,7.8,45.81,50.01,23.57,12.44,8.3,6.59
DDB_G0289259,3.25,14.29,20.83,34.66,40.53,29.06,27.71
DDB_G0292930,0.17,0.29,1.07,2.02,3.17,2.04,1.6
DDB_G0289465,0.8,2.94,5.03,11.22,16.92,23.8,15.95
DDB_G0268864,8.84,50.25,55.16,49.88,23.66,12.68,8.3
DDB_G0293420,0.07,0.37,0.44,0.43,0.45,0.33,0.43
DDB_G0268934,1.57,0.84,9.79,11.94,23.37,15.03,12.01
DDB_G0279019,2.86,13.67,17.71,20.09,15.51,18.01,21.35
DDB_G0274819,0.07,0.64,0.42,0.75,0.75,0.4,0.37
DDB_G0290007,1.32,7.01,8.08,10.37,8.97,11.12,5.56
DDB_G0272476,21.43,76.5,130.88,199.52,284.94,214.27,171.92
DDB_G0286507,4.98,8.29,30.42,29.97,25.83,7.41,6.63
DDB_G0286697,0.13,0.78,0.79,0.86,0.67,1.06,0.52
DDB_G0275697,0.4,0.36,2.39,2.56,2.62,1.55,1.34
DDB_G0285611,0.37,1.76,2.17,3.87,2.93,4.57,2.74
DDB_G0276167,1.27,3.09,7.46,6.36,7.06,2.84,4.36
DDB_G0267416,1.6,5.81,9.3,11.85,9.56,21.17,19.7
DDB_G0294072,18.09,75.91,105.39,47.34,77.18,42.83,38.39
DDB_G0289215,0.22,1.23,1.29,2.15,1.92,0.89,0.64
DDB_G0286089,5.22,22.35,30.03,28.47,24.55,24.44,26.9
DDB_G0294030,206.15,1222.98,1165.92,365.51,445.94,266.06,193.12
DDB_G0285345,127.33,788.86,708.94,777.89,508.57,574.3,597.68
DDB_G0283907,43.52,154.89,241.24,259.59,235.79,282.68,308.23
DDB_G0267534,4.25,15.53,23.55,21.87,20.77,15.09,9.08
DDB_G0277991,13.92,60.13,76.59,81.27,92.81,58.01,45
DDB_G0285693,0.49,3.24,2.66,2.03,1.47,1.02,1.53
DDB_G0287353,1.19,2.91,6.45,9.5,9.33,5.16,2.98
DDB_G0275313,6.7,12.35,36.2,38.12,48.21,44.67,36.37
DDB_G0283763,3.05,15.44,16.34,22.13,72.55,120.16,56.33
DDB_G0289695,4.02,22.43,21.43,25.41,25.34,21.88,37.36
DDB_G0284939,8.28,49.5,44.07,46.45,45.95,25.25,31
DDB_G0276269,8.83,34.88,46.93,58.2,27.63,20.94,16.71
DDB_G0291151,0.15,0.17,0.77,1.79,4.18,1.69,1.27
DDB_G0268442,3.84,8.97,20.34,16.64,16.4,10.1,7.77
DDB_G0280423,5.12,29.75,26.92,28.36,28.85,21.74,17.79
DDB_G0282105,8.1,36.13,42.58,50.49,34.4,47.85,33.55
DDB_G0277313,2.18,5.73,11.35,16.13,16.83,14.54,13.91
DDB_G0284919,0.09,0.45,0.49,0.33,0.86,0.75,0.71
DDB_G0293882,0.22,1.1,1.14,0.87,0.94,1.27,1.77
DDB_G0295765,1.86,3.03,9.61,13.39,15.65,11.72,10.51
DDB_G0285581,3.76,16.99,19.35,19.23,18.65,11.6,13.49
DDB_G0283455,103.06,139.88,529.8,408.24,209.16,136.58,183.59
DDB_G0294028,13.47,84.11,68.78,18.21,39.62,15.3,9.92
DDB_G0284439,0.59,1.72,3.01,4.03,4.96,5.05,2.46
DDB_G0274207,3.44,6.41,17.31,24.19,48.64,38.3,34.37
DDB_G0282005,14.52,15,72.47,85.45,98.24,53.25,41.6
DDB_G0288165,11.58,71.07,57.73,67.79,47.42,32.77,32.67
DDB_G0273339,0.15,0.59,0.75,0.46,0.5,0.53,0.62
DDB_G0292354,26.33,82.3,130.2,145.94,124.14,79.07,76.55
DDB_G0281987,2.48,11.93,12.28,10.67,13.05,9.2,11.17
DDB_G0284343,0.17,0.2,0.84,4.24,3.04,16.76,11
DDB_G0270432,6.39,28.94,31.49,38.83,36.12,48.78,44.2
DDB_G0271378,1.52,7.11,7.37,5.41,4.1,3.6,3.03
DDB_G0287979,0.24,0.55,1.16,2.14,3.28,1.15,1.31
DDB_G0270758,2.21,6.22,10.7,12.47,12.33,13.95,21.43
DDB_G0293628,6.22,21.2,30.05,44.09,53.45,66.47,58.15
DDB_G0286567,0.17,0.19,0.8,0.89,1.01,0.89,1.02
DDB_G0280421,1.41,1.37,6.69,11.97,7.29,5.91,4.32
DDB_G0294044,47.93,179.09,220.44,92.07,110.44,65.31,60.18
DDB_G0270412,2.93,5.65,13.48,10.57,13.2,8.13,6.63
DDB_G0288135,0.1,0.53,0.45,0.84,1.19,0.5,1.04
DDB_G0294020,17.9,72.58,79.14,21.54,32.79,20.58,17
DDB_G0288925,1.8,9.35,7.96,4.32,3.53,1.67,3.04
DDB_G0289539,6.82,18.47,30.09,28.63,17.22,14.66,31.37
DDB_G0269780,4.27,12.72,18.71,20.02,19.48,12.87,13.74
DDB_G0292866,1.72,7.66,7.54,5.94,2.84,3.84,3.76
DDB_G0294012,965.9,3519.81,4213.16,1986.15,3149.75,1824.55,888.84
DDB_G0278023,0.49,3.18,2.11,1.28,0.79,1.54,0.67
DDB_G0284813,1.86,4.31,8.04,14.32,13.62,5.17,7.19
DDB_G0285011,23.69,58.99,102.1,90.33,91.76,83.12,111.18
DDB_G0294064,6.7,31.88,28.85,10.87,19.68,13.3,10.92
DDB_G0304475,5.05,5.61,21.73,37.51,37.64,28.67,24.71
DDB_G0283951,4.44,10,19.05,18.73,17.47,10.86,17.92
DDB_G0284067,4.96,52.11,20.87,23.89,17.65,8.96,8.67
DDB_G0279037,0.65,1.56,2.74,3.25,3.92,2.39,2.53
DDB_G0274457,3.26,4.99,13.53,17.87,12.96,7.69,6.36
DDB_G0270286,0.12,0.32,0.51,0.68,0.74,0.95,1.25
DDB_G0278849,37.29,88.36,153.35,149.05,130.11,75.34,61.03
DDB_G0294018,38.37,186.48,157.24,49.23,68.52,36.09,33.18
DDB_G0277247,6.2,11.17,25.31,23.16,22.43,17.48,11.93
DDB_G0281707,9.29,17.26,37.91,34.66,15,12.39,11.73
DDB_G0279965,18.97,26.9,77,62.36,40.41,26.92,17.17
DDB_G0270098,124.78,602.19,505.65,486.58,615.97,639.25,482.54
DDB_G0282075,5.16,11.42,20.89,25.63,15.86,7.77,6.51
DDB_G0291922,1.28,2.46,5.16,6.41,3.46,19.63,7.67
DDB_G0275467,1.64,1.75,6.52,10.45,30.03,11.42,7.73
DDB_G0288749,0.9,1.96,3.57,4.5,3.81,2.14,1.09
DDB_G0278117,53.55,273.57,211.49,85.69,45.77,22.68,19.58
DDB_G0280385,17.01,38.71,67.02,88.86,101.17,133.25,103.66
DDB_G0280507,1.69,2.31,6.64,8.61,9.19,15.68,21.4
DDB_G0276933,8.46,23.41,33.2,32.08,19.37,14.08,10.89
DDB_G0274901,0.39,0.89,1.51,2.11,2.39,2.38,1.03
DDB_G0273115,3.12,10.89,12.2,16.43,24.34,83.27,45.52
DDB_G0269824,1.75,7.64,6.82,8.11,9.16,5.07,5.43
DDB_G0269840,2.32,5.24,8.97,11.73,11.91,8.34,6.96
DDB_G0282931,3.77,11.51,14.49,11.49,6.7,3.89,3.99
DDB_G0286199,0.27,0.23,1.01,1.01,0.96,0.36,0.66
DDB_G0294040,53.69,134.51,203.67,90.66,101.46,68.71,54.14
DDB_G0283751,0.78,0.54,2.96,6.06,7.89,4.02,2.63
DDB_G0275919,0.2,0.52,0.77,0.83,1.16,0.5,0.81
DDB_G0277999,0.94,1.65,3.54,5.03,5.97,12.58,6.75
DDB_G0284225,9.46,18.93,35.51,43.74,27.89,37.13,27.22
DDB_G0290927,42.73,122.11,160.05,151.15,137.13,80.05,58.51
DDB_G0268824,0.26,0.6,0.96,0.76,1,0.69,0.84
DDB_G0290033,1.36,1.66,5.07,13.99,11.75,2.99,1.05
DDB_G0288593,13.24,18.84,49.4,49.49,52.62,50.22,49.92
DDB_G0291892,1.32,4.2,4.88,4.48,3.62,2.15,1.56
DDB_G0292458,0.46,2.04,1.7,0.98,1.35,0.71,0.54
DDB_G0289923,39.01,40.59,143.42,331.83,372.82,392.69,315.65
DDB_G0279905,0.96,2.27,3.52,3.46,3.98,2.2,2.93
DDB_G0278155,37.06,84.9,135.42,166.3,143.92,102.87,84.67
DDB_G0289135,2.59,2.89,9.45,14.15,15.83,8.07,5.36
DDB_G0277013,0.27,0.58,0.98,1.33,1.79,0.66,1.19
DDB_G0270854,1.67,5.94,6.04,6.63,8.62,3.48,4.26
DDB_G0294048,42.41,155.96,152.28,43.04,61.6,41.9,29.36
DDB_G0275655,1.02,0.85,3.68,4.29,2.73,2.04,1.74
DDB_G0271248,4.67,9.11,16.76,18.43,12.21,6.17,5.89
DDB_G0294078,17.92,68.61,63.69,23.58,61,23.19,30.51
DDB_G0294060,25.48,93.95,90.41,30.76,39.91,34.03,24.06
DDB_G0270026,3.29,4.18,11.54,9.78,7.37,2.23,2.64
DDB_G0270044,4.51,8.54,15.76,18.67,17.42,13.64,20.33
DDB_G0268634,7.94,24.32,27.67,23.6,22.25,14.36,15.99
DDB_G0290573,3.71,5.74,12.9,13.26,10.26,3.8,2.99
DDB_G0283311,2.18,2.04,7.53,6.18,6.27,1.75,2.61
DDB_G0289047,51.35,68.75,177.38,290.99,484.42,294.79,135.86
DDB_G0285543,0.18,0.26,0.63,0.39,0.88,0.7,0.63
DDB_G0279637,3.81,24.84,13.02,20.83,19.79,29.92,25.81
DDB_G0290829,1.73,3.41,5.86,5.32,3.38,3.91,3.15
DDB_G0275829,3.36,4.74,11.37,20.03,12.85,13.99,8.19
DDB_G0269890,8.79,36.56,29.74,17.89,9.8,6.91,5.52
DDB_G0280173,2.76,2.65,9.3,11.94,17.07,10.4,14.45
DDB_G0280475,20.69,20.69,69.37,51.76,39.7,25.7,23.37
DDB_G0289217,8.31,24.18,27.69,32.64,27.99,20.49,25.11
DDB_G0294092,655.62,1832.97,2180.22,1024.39,2097.13,1094.27,564.56
DDB_G0283735,6.12,17.38,20.15,14.65,12.84,14.51,14.75
DDB_G0292554,6.94,9.88,22.73,19.18,18.8,7.6,8.27
DDB_G0284347,41.37,167.92,135.29,136.59,119.14,158.35,129.92
DDB_G0275673,1.47,2.75,4.78,8.37,6.22,3.46,1.76
DDB_G0290277,1.85,2.6,6.01,6.34,3.91,2.86,2.82
DDB_G0285143,1.11,1.35,3.6,4.91,3.91,3.93,6.79
DDB_G0279915,3.03,0.87,9.79,27.12,34.17,19.02,11.98
DDB_G0278157,75.95,218.92,243.52,203.85,136.67,108.58,106.8
DDB_G0289173,701.04,1649.53,2242.15,1818.69,1597.79,1228.22,930.13
DDB_G0287055,12.41,16.54,39.61,36.19,73.91,92.51,63.46
DDB_G0282419,3.58,17.29,11.41,7.23,3,3,2.9
DDB_G0276353,0.12,0.39,0.37,1.12,2.96,1.58,1.34
DDB_G0286725,9.57,10.69,30.37,30.06,84.44,126.35,118.77
DDB_G0292774,7.67,30.53,24.21,45.9,52.07,52.8,35.89
DDB_G0276573,2.68,1.51,8.44,14.15,15.63,8.32,6.62
DDB_G0292618,1.59,1.9,4.97,6.85,10.7,4.54,3.34
DDB_G0267698,11.93,11.79,37.23,29.67,64.74,35.1,35.67
DDB_G0270652,0.08,0.2,0.26,0.22,0.45,0,0
DDB_G0271106,137.07,602.8,426.47,292.75,284.61,137.91,89.04
DDB_G0282689,1.66,2.04,5.15,4.64,3.78,1.9,2.3
DDB_G0276281,0.76,0.65,2.36,2.58,3.29,1.16,1.51
DDB_G0289475,0.53,0.8,1.65,2.38,2.54,1.87,2.08
DDB_G0276797,6.64,9.54,20.52,16.99,15.1,11.11,11.48
DDB_G0277699,4.77,3.31,14.64,18.49,86.14,157.36,56.88
DDB_G0278773,14.8,20.46,45.28,45.07,35.1,29.91,32.13
DDB_G0273141,6.66,12.54,20.37,11.64,5.62,3.1,3.9
DDB_G0282955,0.33,0.31,1,5.33,5.11,4.47,11.49
DDB_G0272867,19.64,185.39,59.27,88.39,52.52,28.82,27.17
DDB_G0278855,0.38,1.35,1.13,1.2,1.01,1.15,1.27
DDB_G0275027,5.79,5.85,17.45,19.05,21.81,42.88,49.77
DDB_G0269526,28.89,55.73,86.56,70.84,45.29,34.84,27.79
DDB_G0269356,1.53,4.47,4.53,11.33,7.5,9.47,4.36
DDB_G0271370,0.2,0.12,0.59,1.5,2.15,2.93,1.85
DDB_G0275999,1.3,1.5,3.8,5.56,5.78,3.04,2.39
DDB_G0290201,0.46,0.64,1.35,1.23,1.45,0.35,0.65
DDB_G0285491,2.88,2.34,8.36,6.72,4.86,2.39,1.9
DDB_G0292108,0.1,0.38,0.28,0.4,0.41,0.51,0.2
DDB_G0272835,14.65,39.16,42.5,60.19,33.93,46.59,57.09
DDB_G0277011,5.5,3.22,15.92,31.25,24.1,2.69,1.85
DDB_G0273039,2.89,5.37,8.3,12.23,14.48,9.77,9.2
DDB_G0271854,8.1,40.7,23.22,16.78,4.21,2.53,1.43
DDB_G0290459,0.27,0.59,0.79,0.95,0.68,0.79,0.79
DDB_G0287269,14.6,7.47,41.69,66.32,90.96,94.72,67.53
DDB_G0280595,16,29.14,45.39,34.17,28.06,21.15,14.71
DDB_G0292678,0.81,0.34,2.29,4.72,3.14,1.42,1.74
DDB_G0278327,2.68,1.42,7.51,9.22,7.47,5.17,1.75
DDB_G0294036,67.01,132.16,187.45,78.92,98.27,62.11,51.59
DDB_G0287949,0.29,1.06,0.8,0.92,1.39,0.9,1.11
DDB_G0278861,0.17,0.46,0.46,0.86,0.54,1.08,0.76
DDB_G0274713,0.84,0.5,2.32,5.1,69.93,157.24,87.63
DDB_G0277079,3.76,8.26,10.41,11.5,7.43,4.6,4.69
DDB_G0348940,0.1,0.11,0.28,0.39,0.6,0.45,1
DDB_G0282447,2.08,2.35,5.75,7.87,4.1,1.84,4.07
DDB_G0275645,0.37,0.14,1.01,1.23,0.62,0,0.32
DDB_G0270470,2.02,2.22,5.57,5.45,3.39,1.54,2.4
DDB_G0288595,1.07,2.32,2.93,5.31,4.78,4.9,3.65
DDB_G0275115,161.7,362.8,443.48,325.07,239.07,136.12,100.08
DDB_G0275545,7.39,21.91,20.07,24.59,15.07,7.79,13.92
DDB_G0279519,4.28,6.62,11.6,7.71,3.58,3.73,2.33
DDB_G0289137,5.08,2.63,13.54,9.63,7.84,5.97,6.79
DDB_G0291061,2.68,4.99,7.14,5.96,10.2,6.96,3
DDB_G0273147,0.36,0.64,0.95,0.63,1.21,0.94,2.53
DDB_G0279659,57.49,284.06,151.17,79.15,62.1,155.49,67.97
DDB_G0283949,1.4,0.96,3.67,4.5,4.8,2.17,7.87
DDB_G0271928,5.28,6.89,13.78,13.06,15.03,17.09,13.73
DDB_G0280237,3.22,8.13,8.34,7.04,6.56,3.37,3.99
DDB_G0284883,0.74,1.09,1.9,4.74,3.43,5.34,3.37
DDB_G0270018,12.7,7.7,32.8,53.98,43.57,48.9,32.42
DDB_G0283333,5.35,6.02,13.76,12.44,22.96,28.59,39.48
DDB_G0294088,2386.32,5532.47,6100.1,2643.86,3532.77,2199.01,1010.29
DDB_G0286829,3.88,8.14,9.91,14.85,7.35,8.16,4.62
DDB_G0286991,65.6,126.84,167.1,235.98,167.62,188.59,180.83
DDB_G0275821,0.06,0.28,0.16,0.55,0.81,1.09,0.73
DDB_G0270104,14.15,62.61,35.69,34.35,53.07,29.39,15.54
DDB_G0278357,3.85,2.22,9.68,5.72,2.99,1.48,2.23
DDB_G0270028,54.57,143.03,137.12,103.09,56.36,22.8,17.12
DDB_G0283173,34.24,27.86,85.92,59.17,29.24,19.39,16.98
DDB_G0290995,1.53,3.81,3.83,3.81,3.82,2.12,2.12
DDB_G0268818,2.23,5.43,5.57,3.6,2.02,1.71,0.84
DDB_G0277705,0.89,1.07,2.21,4.64,2.37,3.5,1.11
DDB_G0294052,68.17,202.97,168.76,57.94,62.11,44.61,36.34
DDB_G0292286,0.42,0.73,1.05,1.02,1.99,1.51,1.31
DDB_G0278797,17.31,8.37,42.43,29.34,15.59,6.54,5.59
DDB_G0287999,0.49,0.96,1.19,1.91,2.88,2.42,1.71
DDB_G0291816,35.82,67.64,87.68,65.43,38.25,13.68,10.66
DDB_G0268100,2.78,5.42,6.78,6.41,5.93,5.2,5.36
DDB_G0291830,0.93,0.72,2.27,11.08,11.87,9.01,6.55
DDB_G0291548,1.85,6.89,4.46,5.08,3.45,2.88,3.73
DDB_G0286257,59.8,222.42,143.4,78.71,56.59,44.75,70.77
DDB_G0277307,29.06,96.45,69.56,43.77,31.66,16.61,12.43
DDB_G0275985,7.91,5.25,18.83,23.59,24.86,9.64,14.01
DDB_G0275389,9.01,9.5,21.38,20.23,21.33,13.44,16.88
DDB_G0272152,7.61,19.3,18,12.69,4.12,2.36,2.82
DDB_G0282299,0.48,0.74,1.13,1.17,1.09,1.2,0.83
DDB_G0271904,151.47,50.74,355.12,439.76,413.1,331.02,268.44
DDB_G0287939,4.46,28.07,10.37,8.24,7.43,18.82,22.74
DDB_G0288799,2.03,2.68,4.72,6.65,3.82,4.57,4.06
DDB_G0271944,0.47,1.1,1.1,1.89,2.11,1.32,2.1
DDB_G0267586,1.64,2.84,3.78,5.86,8.11,10.12,8.79
DDB_G0273037,0.99,0.97,2.29,6.39,9.48,4.55,3.93
DDB_G0294058,52.25,137.68,120.1,41.53,46.48,31.21,33.79
DDB_G0292626,1.48,6.91,3.37,2.2,1.53,2.29,1.4
DDB_G0288265,7.98,12.96,18.21,14.62,6.18,5.76,3.1
DDB_G0289161,6.71,5.59,15.3,23.08,19.96,15.53,10.04
DDB_G0288939,0.78,0.28,1.78,1.33,0.46,0.54,0.81
DDB_G0272302,1.24,2.34,2.8,2.08,2.65,1.25,2.15
DDB_G0285071,46.78,94.6,105.92,76.92,50.09,33.82,26.69
DDB_G0281909,3.81,3.67,8.59,10.38,14.36,7.58,6.03
DDB_G0294062,76.68,169.26,172.74,61.44,67.83,45.48,43.21
DDB_G0278747,0.63,0.33,1.41,1.27,1.08,0.88,0.5
DDB_G0280077,2.91,5.68,6.5,5.97,7.65,2.04,2.88
DDB_G0268478,25.53,91.74,57.04,34.33,17.67,13.27,16.72
DDB_G0268240,2.12,4.15,4.72,8.08,3.73,3.51,9.73
DDB_G0292454,0.57,0.32,1.26,1.91,1.19,0.72,1.11
DDB_G0346536,1.39,2.1,3.07,2.84,2.22,1.47,1.31
DDB_G0290403,1.16,0.68,2.56,2.65,2.73,3.89,1.3
DDB_G0286875,0.52,0.64,1.14,2.29,1.28,1.21,1.39
DDB_G0294038,34.92,96.21,76.56,33.77,40.39,31.3,25.64
DDB_G0272398,3.51,1.68,7.59,5.53,6.77,1.99,2.58
DDB_G0285599,14.24,16.48,30.8,29.1,22.89,17.23,11.16
DDB_G0285577,0.22,0.1,0.47,0.59,0.54,0.46,0.23
DDB_G0285473,0.69,0.92,1.5,2.72,1.24,0.7,0.9
DDB_G0274777,2.66,1.45,5.74,6.13,6.1,2.86,2.35
DDB_G0277631,9.65,2.71,20.74,23.37,10.02,12.4,7.07
DDB_G0272140,3.4,1.82,7.3,5.78,9.6,10.84,8.31
DDB_G0276079,0.55,0.72,1.19,0.81,0.55,1.17,0.85
DDB_G0272394,22.75,48.52,48.65,43.84,37.02,24.68,19.15
DDB_G0280291,1.6,2.34,3.41,3.85,3.53,4.61,10.89
DDB_G0283003,22.61,50.23,48.2,77.24,39.6,66.85,107.85
DDB_G0272224,3.17,12.03,6.72,4.12,1.88,1.38,1.48
DDB_G0283939,14.79,13.28,31.2,23.05,27.47,17.32,13.9
DDB_G0285079,15.62,32.4,32.43,27.53,19.6,9.08,11.12
DDB_G0272522,5.78,2.85,11.99,22.52,32.21,22.71,16.63
DDB_G0291279,18.5,13.93,38.24,39.5,33.25,32.35,32.62
DDB_G0294054,47.49,106.79,97.83,33.72,39.09,27.92,28.44
DDB_G0268534,3.59,2.89,7.35,9.42,10.92,4.51,6.64
DDB_G0278925,0.42,0.43,0.86,0.5,1.1,0.61,1.23
DDB_G0282957,5.6,4.57,11.43,8.34,7.15,4.64,4.32
DDB_G0273199,17.91,13.34,36.42,35.33,41.15,46.49,33.52
DDB_G0272440,125.15,185.62,254.34,194.64,242.76,215.71,134.5
DDB_G0288757,3.47,4.59,7.05,8.29,11.64,12.22,6.92
DDB_G0269986,0.7,1.36,1.42,1.79,1.84,1.58,1.16
DDB_G0294046,49.38,101.48,100.02,41.74,51.71,33.34,31.38
DDB_G0279107,5.05,5.25,10.22,10.63,10.42,5.18,2.66
DDB_G0269762,6.58,2.83,13.24,10.19,8.17,3.68,3.18
DDB_G0283293,226.35,512.31,455.34,290.87,483.26,461.28,532.35
DDB_G0287775,0.52,0.97,1.05,0.89,0.83,0.61,0.8
DDB_G0295789,3.33,2.78,6.65,6.16,2.94,3.4,1.47
DDB_G0283889,39.35,29.21,78.47,56.6,39.03,17.57,21.31
DDB_G0287279,0.6,0.45,1.2,2.7,3.71,3.35,1.31
DDB_G0281601,0.34,1.69,0.68,1.92,1.4,1.2,1.04
DDB_G0276579,42.06,58.87,83.7,133.08,121.93,108.3,64.95
DDB_G0275379,6.52,5.9,12.94,10.48,16.23,12.34,9.3
DDB_G0286921,32.7,24.91,64.72,58.42,52.15,38.78,43.01
DDB_G0285497,4.32,4.03,8.53,11.11,13.49,8.04,12.04
DDB_G0289623,33.4,75.27,65.82,90.99,181.86,187.53,113.98
DDB_G0267488,0.9,1.07,1.76,2.17,1.5,1.2,0.78
DDB_G0292586,3.71,1.46,7.27,10.99,10.95,4.71,2.94
DDB_G0293548,0.86,1.28,1.69,0.93,0.58,0.42,0.69
DDB_G0291652,36.5,33.45,70.71,47.49,32.74,28.58,38.24
DDB_G0267648,3.49,6.19,6.75,9.68,20.23,15.8,11.45
DDB_G0276843,4.37,6.57,8.43,8.57,14.04,9.37,6.66
DDB_G0287643,14.39,13.62,27.71,23.23,14.86,8.82,8.54
DDB_G0286247,13.03,18.68,24.95,12.62,5.91,4.93,5.28
DDB_G0277295,1.27,1.14,2.42,1.13,0.43,0.76,0.73
DDB_G0270196,4.54,3.47,8.59,12.36,15.19,10.74,12.85
DDB_G0281603,0.87,0.38,1.65,1.62,1.77,1.46,0.66
DDB_G0274809,6.87,10.13,12.96,7.89,5.32,3.33,2.97
DDB_G0270246,0.35,0.5,0.66,0.24,0.67,0.62,0.34
DDB_G0270120,129.52,378.69,243.07,244.16,186.52,244.29,154.8
DDB_G0274461,14.59,13.09,27.22,23.61,5.67,6.92,7.55
DDB_G0271114,3.32,2.53,6.19,7.18,7.06,3.38,3.96
DDB_G0283805,17.16,22.24,31.86,28.98,28.55,19.81,17.81
DDB_G0292818,3.12,1.58,5.79,8.43,12.88,12.74,14.54
DDB_G0294629,0.7,0.34,1.29,1.2,1.29,1.66,1.5
DDB_G0279287,36.54,11.92,67.69,103.66,61.15,43.98,39.42
DDB_G0277837,172.75,396.66,319.39,267.72,271.16,163.63,114.58
DDB_G0275181,24.96,57.42,46.02,33.94,12.28,7.39,7.53
DDB_G0280905,15.62,8.57,28.66,45.47,30.71,30.17,29.32
DDB_G0287803,2.94,1.73,5.31,6.7,6.59,2.62,2.84
DDB_G0291852,1.25,2.02,2.24,3.6,3.64,1.93,1.61
DDB_G0279001,1.42,2.74,2.56,6.2,8.45,8.26,10.08
DDB_G0278457,54.6,145.19,97.97,89.28,59.84,73.72,68.94
DDB_G0290499,20.84,35.86,37.2,33.96,26.79,40,43.47
DDB_G0288629,47.82,178.44,85.21,207.22,131.03,131.3,56.12
DDB_G0278063,12.67,61.32,22.54,15.35,20.63,14.25,10.15
DDB_G0276449,0.12,0.05,0.22,0.95,1.19,5.52,5.24
DDB_G0269072,0.44,0.33,0.78,0.74,1.72,1.77,1.15
DDB_G0269550,1.42,1.68,2.49,3.17,1.83,1.31,1.13
DDB_G0274907,1.33,1.76,2.32,2.49,1.67,1.06,1.3
DDB_G0291187,15.55,15.73,27.24,24.35,16.22,22.06,29.08
DDB_G0281281,130.46,99.46,228.18,355.77,385.3,484.78,346.61
DDB_G0291916,52.76,76.85,92.2,76.4,84.49,36,21.91
DDB_G0289355,0.39,0.21,0.69,1.33,2.14,1.95,1.17
DDB_G0294026,146.57,338.92,255.87,80.34,72.95,66.93,48.78
DDB_G0267508,67.23,110.73,117.26,81.03,42.95,31.5,27.87
DDB_G0292620,9.28,4.58,16.16,16.31,39.41,11.78,14.77
DDB_G0291546,0.88,0.45,1.52,1.56,1.38,0.88,0.92
DDB_G0288971,2.07,4.7,3.57,3.25,2.07,2.72,3.06
DDB_G0291792,3.59,3.79,6.16,3.58,2.95,1.24,1.39
DDB_G0267420,711.47,1356.84,1216.25,1412.51,1512.39,1687.1,1867.21
DDB_G0282357,71.4,60.58,121.09,148.57,122.65,79.62,55.14
DDB_G0287997,0.67,0.32,1.14,1.48,2.57,1.32,1.43
DDB_G0278169,0.58,1.41,0.98,1,1.55,0.72,1.31
DDB_G0279069,2.08,1.6,3.51,3.67,3.15,4.16,3.69
DDB_G0281965,0.53,0.61,0.89,1.27,1.77,0.65,1.13
DDB_G0274961,3.6,9.02,6.07,7.64,6.97,8.7,6.31
DDB_G0284705,15.15,13.87,25.47,31.03,29.36,24.73,18.86
DDB_G0286977,2.2,2.12,3.68,4.46,3.73,7.51,7.23
DDB_G0274939,15.95,8.42,26.65,25.44,10.8,11.42,12.94
DDB_G0287749,34.16,47.99,56.98,44.36,43.23,14.74,22.95
DDB_G0291129,37.04,47.23,60.92,70.32,51.79,29.61,22
DDB_G0274545,0.8,0.48,1.31,1.3,1,9.23,1.26
DDB_G0267464,3.25,1.3,5.34,6.98,6.83,3.47,2.48
DDB_G0289353,2.32,2.14,3.79,2.82,5.1,10.96,8.24
DDB_G0280479,3.73,12.42,6.09,5.53,4.65,29.01,54.99
DDB_G0277037,54.11,96.84,88.28,85.29,52.39,36.96,36.45
DDB_G0291814,21.85,8.31,35.61,26.05,23.24,18.03,17.25
DDB_G0268430,5.2,2.45,8.44,11.89,13.97,8.89,9.27
DDB_G0288477,23.62,70.99,38.34,39.67,49.69,17.03,12.69
DDB_G0283273,7.14,9.76,11.5,6.79,7.3,2.37,2.39
DDB_G0281081,2.34,1.2,3.76,5.73,7.14,4.7,6.94
DDB_G0267774,4.82,2.97,7.73,8.7,8.33,7.95,5.71
DDB_G0292430,3.48,6.06,5.55,2.34,1.13,9.36,1.87
DDB_G0290669,19.52,19.06,31.06,29.62,23.43,10.33,9.69
DDB_G0267704,62,95.89,98.39,124.36,106.58,70.45,82.28
DDB_G0293828,5.4,12.44,8.56,19.68,13.95,12.41,12.3
DDB_G0269376,1.63,0.58,2.57,2.12,3.95,2,1.72
DDB_G0277337,0.99,1.36,1.54,1.7,1.44,1.53,0.72
DDB_G0274439,0.59,2.81,0.92,0.52,0.95,0.93,0
DDB_G0270116,10.79,20.55,16.81,10.77,7.7,3.28,3.92
DDB_G0269936,0.32,1,0.49,2.81,11.34,13.08,6.5
DDB_G0283919,38.77,164.18,60.1,76.01,65.42,87.34,125.25
DDB_G0271564,27.36,62.05,42.38,34.46,21.75,15.09,17.1
DDB_G0290111,5.48,3.45,8.47,15.19,33.88,44.77,45.58
DDB_G0280465,21.87,17.9,33.72,51.2,39.7,35.71,27.99
DDB_G0283877,4.69,2.11,7.22,14.2,9.98,7.48,6.77
DDB_G0280803,15.4,17.76,23.57,15.95,6.73,5.58,6.59
DDB_G0273457,5.2,8.9,7.94,2.62,2.72,1.52,2.12
DDB_G0277925,8.85,13.59,13.42,11.95,10.6,5.27,4.62
DDB_G0288729,2.05,2.3,3.11,2.79,2.23,3.28,1.63
DDB_G0291782,0.8,0.54,1.21,0.59,0.5,0.64,0.41
DDB_G0285125,1.37,2.67,2.06,3.26,2.04,1.63,0.87
DDB_G0277009,1.48,1.19,2.22,3.81,4.86,1.5,3.5
DDB_G0284405,11.95,8,17.71,16.84,22.64,9.21,8.46
DDB_G0285575,3.46,1.36,5.13,5.56,4.48,2.26,2.54
DDB_G0285593,2.24,0.53,3.31,8.34,18.52,24.65,20.48
DDB_G0294421,150.01,284.36,221.16,89.66,102.92,76.15,59.4
DDB_G0273411,6.85,13.88,10.06,22.96,20.34,12.94,10.21
DDB_G0269652,16.1,16.68,23.33,23.73,17.97,14.2,17.92
DDB_G0288127,77.54,149.63,112.09,84.44,62.56,39.1,45.74
DDB_G0295657,35.11,51.13,50.55,56.91,42.87,28.44,25.79
DDB_G0284485,127.29,480.67,183.08,252.18,201.77,138.56,115.92
DDB_G0275509,0.42,0.78,0.6,0.73,0.89,0.82,1.67
DDB_G0285005,0.34,0.24,0.48,0.14,0.44,0.32,0.67
DDB_G0267766,0.2,0.26,0.29,0.39,0.16,0.29,0.08
DDB_G0294090,1860.98,2068.87,2637.11,1142.22,2091.08,1117.33,599.35
DDB_G0277231,77.2,81.97,109.13,77.08,36.45,25.76,24.68
DDB_G0293050,51.15,165.41,72.25,75.98,58.37,74.04,86.01
DDB_G0267482,5.95,3.22,8.38,11.63,21.74,12.95,11.71
DDB_G0282615,2.23,2.61,3.12,4.83,2.37,1.03,1.28
DDB_G0293868,2.01,0.72,2.82,2.61,1.22,0.64,0.64
DDB_G0284963,50.85,63.23,70.57,48.71,30.65,16.56,16.5
DDB_G0291312,4.42,4.07,6.13,12.02,14.82,63.15,13.32
DDB_G0269302,0.22,0.45,0.3,0.28,0.38,1.11,0.51
DDB_G0293946,0.44,1.05,0.61,1.16,3.84,2.27,1.2
DDB_G0287713,0.81,1.94,1.12,1.71,1.4,2.63,2.13
DDB_G0269242,220.24,178.03,301.9,260.19,272.17,361.65,375.19
DDB_G0290631,5.6,2.1,7.67,2.5,1.49,1.06,0.8
DDB_G0288639,105.59,191.64,144.41,148.51,97.61,156.92,122.68
DDB_G0268360,148.52,219.52,202.39,124.83,71.92,40.37,42.64
DDB_G0290319,4.03,9.8,5.49,4.32,4.26,3.73,10.39
DDB_G0277213,236.25,399.28,321.41,206.1,148.78,78.93,68.51
DDB_G0274595,910.32,745.16,1238.29,1044.72,747.76,511.21,456.19
DDB_G0279697,5.98,6.67,8.11,10.96,23.58,17.74,13.36
DDB_G0277327,4.46,4.54,6.04,4.16,5.81,3.33,3.15
DDB_G0279743,9.1,10.07,12.33,12.3,9.09,6.53,5.68
DDB_G0275751,27.22,21.42,36.76,22.05,9.48,12.72,27.26
DDB_G0284687,2.58,3.71,3.48,3.54,3.27,1.67,1.41
DDB_G0288209,1.3,1.54,1.73,2.88,2.45,2.59,1.66
DDB_G0286761,0.31,0.31,0.41,0.18,0.76,0.81,0.91
DDB_G0271684,0.51,0.07,0.67,0.72,1.74,15.5,23.41
DDB_G0270800,48.05,49.1,63.55,43.26,35.88,15.94,23.03
DDB_G0277611,0.38,0.41,0.5,0.73,0.55,0.45,0.67
DDB_G0278597,31.45,57.97,41.4,32.52,21.71,14.08,12.23
DDB_G0292130,17.36,5.84,22.81,24.57,20.93,15.29,10.77
DDB_G0269822,3.37,2.39,4.42,4.94,2.4,4.2,4.19
DDB_G0285029,4.23,2.02,5.54,10.45,33.83,32.07,31.69
DDB_G0276503,4.95,1.5,6.44,9.06,8.88,41.43,65.12
DDB_G0292568,5.14,3.88,6.69,6.41,9.14,3.67,4.27
DDB_G0277195,4.62,7.69,6,4.49,3.14,2.5,3.34
DDB_G0285735,0.51,0.2,0.65,0.91,0.98,0.68,0.62
DDB_G0294050,255.44,298.94,327.97,104,138.85,93.92,74.79
DDB_G0280127,0.71,0.73,0.91,0.95,0.87,1.4,1.05
DDB_G0275355,118.26,287.26,150.05,72.39,38.79,28.07,22.21
DDB_G0291247,485.17,312.31,614.04,531.11,532.18,359.07,299.61
DDB_G0282961,2.69,1.2,3.4,1.58,1.07,2.42,1.9
DDB_G0275823,2.45,1.21,3.08,4.61,3.88,2.34,1.72
DDB_G0275813,5.37,1.43,6.72,9.94,38.66,16.44,9.28
DDB_G0276321,2.55,2.82,3.18,6.93,4.26,2.48,1.81
DDB_G0284117,24.18,32.2,30.19,29.98,24.5,14.77,9.5
DDB_G0288953,2.51,2.31,3.08,4.5,3.89,7.24,3.06
DDB_G0284911,29.87,12.74,36.45,22.77,17.97,6.66,4.79
DDB_G0285021,35.56,69.87,43.3,39.66,32.29,18.46,11.17
DDB_G0278993,0.42,0.2,0.51,0.43,0.57,0.65,0.45
DDB_G0291173,44.71,53.98,54.17,48.6,37.33,18.02,18.31
DDB_G0289011,4.25,3.25,5.12,4.56,5.87,2.38,1.68
DDB_G0268182,11.52,8.9,13.84,22.49,16.99,13.04,10.38
DDB_G0281797,20.96,12.7,25.03,36.63,36.55,52.93,63.67
DDB_G0293380,0.43,0.76,0.51,0.44,0.43,0.88,0.87
DDB_G0270806,7.56,15.43,8.98,7.3,4.63,7.15,19.91
DDB_G0275613,0.41,0.21,0.48,0.81,1.09,0.4,0.68
DDB_G0275383,478.94,443.74,567.94,347.3,207.3,157.04,121.98
DDB_G0283823,10.85,2.59,12.81,25.73,13.26,7.53,5.64
DDB_G0293194,71.3,17.53,83.86,146.5,196.77,199.86,157.38
DDB_G0292654,15.52,8.12,18.14,16.18,13.64,11.79,13.95
DDB_G0288979,0.49,0.41,0.57,1.09,1.33,1.47,0.94
DDB_G0280535,414.8,628.5,480.57,204.15,93.75,54.04,63.46
DDB_G0274449,212.48,386.65,246.07,182.92,126.97,62.9,53.66
DDB_G0282603,1.4,0.75,1.62,0.42,0.68,2,0.86
DDB_G0269224,5.63,3.08,6.51,8.21,3.89,7.06,4.18
DDB_G0276711,32.52,89.1,37.39,37.73,55.59,87,48.47
DDB_G0281027,43.83,27.55,50.24,44.63,22.87,13.98,14.16
DDB_G0274249,32.28,8,36.97,73.4,72.03,62.95,39.22
DDB_G0284811,11.1,6.77,12.68,9.47,4.23,4.15,3.27
DDB_G0290123,55.15,60.86,62.91,51.41,43.22,22.44,14.21
DDB_G0276417,111.93,104.74,127.54,132.32,109.5,112.19,217.89
DDB_G0283415,8.94,4.88,10.17,12.05,32.71,31.82,27.3
DDB_G0270152,11.37,4.04,12.88,16.2,5.25,5.95,3.35
DDB_G0281685,2.14,3.6,2.39,3.34,4.19,3.51,3.62
DDB_G0268402,43.32,42.9,48.36,59.88,54.01,160.66,168.45
DDB_G0284809,5.92,3.22,6.6,5.29,2.03,2.03,1.75
DDB_G0285137,0.96,0.63,1.07,2.2,1.99,2.57,2.39
DDB_G0288759,60.25,71.06,66.58,39.08,12.86,12.94,12.59
DDB_G0291175,4.81,3,5.31,6.41,13.42,6.78,6.37
DDB_G0277801,0.39,0.28,0.43,0.5,0.84,0.61,0.32
DDB_G0271912,1.84,1.51,2.03,2.98,2.38,1.86,2.54
DDB_G0269848,12.79,17.13,13.98,12,9.87,8.65,8.75
DDB_G0284087,0.23,0.3,0.25,0.42,0.42,0.27,0.31
DDB_G0271506,2.2,1.04,2.37,3.34,3.75,1.83,2.24
DDB_G0278053,21.13,17.09,22.69,30.66,11.97,10.56,10.91
DDB_G0294591,8.67,13.93,9.3,12.72,18.21,12.8,8.04
DDB_G0277511,574.89,124.18,616.71,674.57,999.31,1131.9,1222.02
DDB_G0269640,3.37,2.37,3.6,5.48,7.89,3.89,3.23
DDB_G0276837,157.2,362.72,167.92,149.26,141.34,74.35,66
DDB_G0292298,7.41,9.42,7.83,8.85,7.26,7.68,5.1
DDB_G0292852,2.68,0.85,2.82,6.26,6.04,19.89,18.07
DDB_G0282101,1.73,1.11,1.82,1.9,2.02,1.24,1.23
DDB_G0289041,2.18,2.36,2.29,1.42,1.21,1.66,0.99
DDB_G0290395,19.07,6.86,20.05,20.56,23.26,17.36,17.74
DDB_G0270420,29.04,30.24,30.47,24.41,15.43,5.98,6.62
DDB_G0282485,5.63,4.17,5.88,5.95,3.32,3.11,3.2
DDB_G0293030,1.31,0.83,1.37,1.2,0.84,0.74,0.62
DDB_G0278315,0.72,0.72,0.75,0.73,0.53,0.61,0.9
DDB_G0283843,12.61,13.2,13.1,9.59,8.32,7.39,8.06
DDB_G0270254,5.24,7.57,5.44,2.34,1.27,2.35,4.65
DDB_G0278889,7.46,2.33,7.71,13.02,10.23,6.72,14.58
DDB_G0271998,1,0.62,1.02,3.39,3.95,1.84,2.88
DDB_G0272266,50.95,118.72,52.29,43.49,21.99,12.87,15.34
DDB_G0292556,0.45,0.46,0.46,0.64,1.03,0.89,0.73
DDB_G0285613,1.19,2.74,1.22,0.55,0.66,0.56,0.57
DDB_G0291568,167.04,138.11,169.13,286.56,308.15,1035.98,692.25
DDB_G0283669,74.85,83.77,74.87,72.74,63.64,44.19,58.81
DDB_G0279737,0.74,0.85,0.74,0.77,0.96,0.86,0.55
DDB_G0287377,51.47,25.75,51.16,57.19,47.29,38.75,36.11
DDB_G0276247,20.59,16.06,20.43,24.04,9.92,6.32,6.49
DDB_G0288875,100.12,74.94,98.85,114.21,87.68,44.15,41.59
DDB_G0291366,4.88,6.08,4.78,5.83,7.03,4.72,5.47
DDB_G0286445,0.64,0.2,0.62,1.87,2.38,2.31,3.53
DDB_G0280161,4.96,13.66,4.8,3.04,3.08,4.34,2.24
DDB_G0288247,88.21,130.29,85.38,40.28,25.12,13.15,10.48
DDB_G0281385,193.83,396.02,187.28,261.52,230.6,214.25,175.79
DDB_G0292604,1.04,0.3,1,3.09,4.45,3.57,1.72
DDB_G0277479,4.53,2.65,4.37,7.29,9.88,16.09,8.64
DDB_G0273295,22.18,13.97,21.04,22.93,14.12,9.02,11.08
DDB_G0270038,0.87,0.56,0.82,0.67,1.68,1.95,0.78
DDB_G0283703,3.64,1.38,3.45,4.37,8.98,6.29,5.67
DDB_G0268662,13.71,10,12.96,10.79,8.82,5.35,6.36
DDB_G0284693,657.03,521.23,617.45,342.53,212.22,152.43,102.01
DDB_G0290913,33.48,18.56,31.24,48.52,39.19,25.11,19.67
DDB_G0290311,4.74,1.13,4.41,5.14,8.43,5.66,9.87
DDB_G0280495,211.77,329.74,196.15,105.54,68.47,41.78,34.99
DDB_G0275973,1.08,0.83,1,0.86,1.77,1,0.29
DDB_G0287519,111.35,11.73,102.04,112.16,304.06,320.25,171.73
DDB_G0279527,12.08,6.09,10.92,14.53,12.17,7.92,7.12
DDB_G0287989,1.45,0.63,1.3,3.72,3.23,1.74,2.39
DDB_G0289471,9.1,15.53,8.13,7.02,3.97,11.61,3.5
DDB_G0289335,17.43,14.33,15.48,17.72,11.66,9.99,10.9
DDB_G0287043,3.12,0.46,2.77,6.75,5.64,2.73,2.89
DDB_G0293718,40.63,48.67,35.97,25.89,8.97,7.15,3.63
DDB_G0286335,24.69,8.33,21.85,22.74,25.82,26.52,61.8
DDB_G0270366,12.15,152.8,10.74,9.63,11.23,15.59,21.58
DDB_G0283061,0.74,0.86,0.65,1.44,0.57,1.76,1.72
DDB_G0271906,2.35,1.37,2.06,1.51,1.28,0.81,1.14
DDB_G0282951,14.86,5.13,12.99,15.88,10.54,18.03,45.63
DDB_G0277349,11.63,5.19,10.13,11.47,5.86,4.39,4.04
DDB_G0291346,1.66,0.79,1.43,1.11,1.81,2.19,1.82
DDB_G0283865,4.4,1.45,3.78,7.04,8.27,2.76,2.02
DDB_G0284713,4.58,1.31,3.93,3.09,3.59,2.83,1.72
DDB_G0292232,6.86,2.64,5.87,12.91,13.14,19.73,57.47
DDB_G0267552,123.62,103.55,105.46,109.29,78.94,77.26,81.4
DDB_G0279855,28.41,19.25,24.21,33.81,27.27,19.26,20.84
DDB_G0292270,173.6,185.96,147.56,203.55,192.83,213.98,164.46
DDB_G0291802,9.62,6.01,8.1,11.31,3.65,3.75,3.24
DDB_G0288835,10.52,5.14,8.85,6.7,3.26,2.5,1.81
DDB_G0293416,20.43,5.6,17.1,23.83,16.94,10.71,11.77
DDB_G0276341,299.13,321.67,248.09,122.7,56.63,34.73,30.19
DDB_G0277451,53.13,51.33,43.8,44.26,40.14,26.78,22.84
DDB_G0291265,114.89,228.63,94.45,57.76,73.01,85.38,61.47
DDB_G0278529,0.92,2.58,0.75,2.26,0.77,1.91,0.99
DDB_G0290147,3.67,0.81,3.01,1.67,4.79,3.22,2.59
DDB_G0282819,60.9,136.4,49.87,51.05,31.19,43.13,33.43
DDB_G0292306,348.02,318.69,280.49,146,90.42,50.42,45.65
DDB_G0272384,7.1,1.29,5.71,7.74,7.08,4.44,3.51
DDB_G0284145,0.98,0.34,0.79,0.56,0.52,0.34,0.58
DDB_G0286171,65.86,93.54,52.53,68.69,75.46,37.9,33.7
DDB_G0287107,2.1,1.27,1.67,3.28,1.79,1.45,0.82
DDB_G0274959,14.51,10.48,11.4,13.33,6.84,5.31,5.52
DDB_G0283991,4.52,1.94,3.55,12.48,38.6,57.28,33.56
DDB_G0278937,2.95,1.58,2.31,5.79,4.86,6.82,3.08
DDB_G0278267,2.7,1.4,2.11,1.59,1.44,1.09,1.04
DDB_G0279939,90.67,73.28,70.67,57.75,27.93,20.19,17.83
DDB_G0279627,0.36,0.28,0.28,0.81,0.37,0.37,0.63
DDB_G0278955,5.84,2.63,4.52,7.02,9.04,5.52,3.76
DDB_G0269352,10.11,2.15,7.8,13.09,13.63,10.09,16.17
DDB_G0280287,10.39,5.2,7.97,7.66,9.56,4.94,5.01
DDB_G0277847,94.89,54.97,72.4,40.04,29.61,21.35,32.92
DDB_G0287517,10.78,8.71,8.22,8.18,4,6.32,3.09
DDB_G0275029,167.23,327.05,127.14,93.95,77.31,71.32,96.58
DDB_G0281435,5.74,7.64,4.34,5.27,3.5,3.8,1.99
DDB_G0290437,7.75,1.88,5.85,4.27,4.06,2.94,1.17
DDB_G0288105,158.93,53.26,119.66,111.63,83.24,73.61,51.48
DDB_G0278839,5.54,4.81,4.12,6.28,5.97,3.16,2.88
DDB_G0287135,0.81,0.85,0.6,1.12,0.8,0.54,0.87
DDB_G0291708,17.68,13.55,13.13,12.14,8.52,5.22,5.37
DDB_G0267768,2.67,0.74,1.96,1.59,1.33,1.28,0.65
DDB_G0285783,109.59,54.66,79.86,66.61,41.96,26.8,23.15
DDB_G0286541,7.3,2.69,5.27,6.47,7.11,3.74,2.97
DDB_G0288255,1.21,0.5,0.87,5.03,3.6,2.12,2.56
DDB_G0281505,9.51,2.3,6.87,16.51,36.42,26.53,26.46
DDB_G0274549,533.5,517.52,384.86,200.57,185.23,202.57,186.37
DDB_G0279963,12.44,6.91,8.96,11.61,9.24,4.99,5.39
DDB_G0292994,257.2,226.37,184.77,189.29,203.46,106.22,211.55
DDB_G0290997,204.55,226.53,146.92,99.41,53.7,34.01,36.72
DDB_G0279715,3.81,0.89,2.72,2.01,1.25,2.12,1.34
DDB_G0288137,74.99,55.03,53.59,33.08,29.8,19.1,20.27
DDB_G0274657,29,9.53,20.66,34.68,43.81,23.19,23.14
DDB_G0270438,89.35,64.25,63.64,41.19,27,14.38,17.23
DDB_G0276291,69.01,23.04,49.14,47.96,66.57,46.9,36.03
DDB_G0288817,7.26,1.81,5.17,4.83,10.41,17.55,164.65
DDB_G0288523,5.77,8.38,4.08,5.77,8.11,7.63,14.65
DDB_G0291283,68.11,26.73,48.07,84.55,84.61,82.2,82.77
DDB_G0275669,25.22,6.95,17.71,30.73,45.07,86.02,97.97
DDB_G0271960,220.53,85.55,154.89,149.33,69.35,39.13,32.04
DDB_G0288429,26.35,26.43,18.46,104.09,85.8,71.96,56.04
DDB_G0270622,5.28,6.11,3.69,6.44,9.53,37.07,12.53
DDB_G0272889,2.15,1.84,1.5,1.51,1.45,1.91,1.02
DDB_G0269372,61.74,36.13,42.74,42.51,21.14,15.48,16.41
DDB_G0280889,2.69,0.31,1.84,1.57,2.03,1.17,10.43
DDB_G0292034,17.5,7.7,11.94,11.94,9.38,9.36,10.15
DDB_G0293340,0.38,0.64,0.26,0.29,0.45,3.65,6.09
DDB_G0290857,15.8,31.99,10.77,8.27,4.15,3.32,3.2
DDB_G0285239,360.58,320,244.9,248.78,167.94,163.35,142.29
DDB_G0272120,53.79,19.99,36.5,34.12,23.37,13.6,14.54
DDB_G0274311,93.81,70.86,63.59,39.4,22.07,6.07,12.54
DDB_G0271884,150.16,247.82,101.74,70.02,104.04,53.26,36.07
DDB_G0280021,4.91,1.29,3.33,3.54,2.05,3.79,1.71
DDB_G0287551,2.86,2.23,1.93,1.56,1.42,0.92,1.03
DDB_G0287331,10.34,5.03,6.99,9.02,7.72,6.7,4.41
DDB_G0275637,2.33,0.62,1.57,2.43,2.95,1.63,1.5
DDB_G0292040,1.5,3.14,1,0.67,0.71,0.74,1
DDB_G0283731,196.71,71.55,130.31,112.33,66.86,41.05,32.97
DDB_G0271774,170.18,148.7,111.34,181.1,123.74,171.85,128.62
DDB_G0282451,12.35,0.88,8.06,8.26,3.36,2.62,0.88
DDB_G0274567,1.51,0.88,0.97,1.09,1.24,1.11,0.28
DDB_G0290495,15.13,5.76,9.74,12.66,11.45,10.13,6.75
DDB_G0270050,9.65,3.43,6.19,8.43,8.11,6.47,10.78
DDB_G0292566,111.21,20.13,71.01,118.57,94.25,82.05,50.48
DDB_G0292326,25.81,7.69,16.45,31.59,11.38,9.36,37.01
DDB_G0281171,5.18,3.21,3.29,3.17,1.52,1.79,1.13
DDB_G0276305,164.3,281.96,103.85,119.43,102.9,142.61,102.75
DDB_G0281393,733.28,595.91,460.27,273.62,176.8,119.17,100.91
DDB_G0268564,8.23,2.06,5.16,9.55,7.31,3.72,6.08
DDB_G0279227,8.55,6.89,5.35,4.92,3.8,3.02,3.92
DDB_G0280353,47.81,8.1,29.82,46.08,54.1,38,27.09
DDB_G0292420,16.51,9.56,10.23,19.79,17.89,30.18,22.46
DDB_G0291193,4.16,1.95,2.55,2.53,2.94,5.02,4.93
DDB_G0270916,2.28,0.73,1.4,1.29,1.38,0.87,1.09
DDB_G0279695,16.76,3.96,10.25,27.27,18.93,27.5,29.04
DDB_G0291648,286.75,122.54,175.02,140.28,99.66,65.65,66.93
DDB_G0287627,26.43,7.53,16.13,12.95,5.66,5.37,6.02
DDB_G0294066,249.31,167.01,151.9,56.83,75.52,52.37,46.03
DDB_G0270752,18.72,23.52,11.39,11.1,7.02,4.13,3.92
DDB_G0282195,76.26,27.13,46.38,43.47,48.53,38.34,42.25
DDB_G0274455,78.25,169.25,47.39,45.35,20.94,27.95,71.07
DDB_G0268646,187.16,206.02,113.21,52.96,52.19,27.95,28.95
DDB_G0292104,4.1,3.37,2.44,5.31,2.45,3.53,7.11
DDB_G0268990,1.91,0.96,1.14,1.75,1.42,0.87,1.41
DDB_G0274859,2631.99,944.01,1556.33,1854.86,2136.29,2217.93,1474.64
DDB_G0294016,14136.87,13027.12,8307.49,3149.07,2338.51,1625.13,1342.97
DDB_G0283857,24.95,5.04,14.62,13.03,11.17,4,4.6
DDB_G0287825,26.89,15.75,15.73,28.88,12.69,11.63,8.94
DDB_G0288891,43.47,11.82,25.38,48.65,74.61,54.5,46.23
DDB_G0269218,11.44,2.36,6.67,20.79,17.03,22.03,23.72
DDB_G0267536,65.84,22.65,38.2,19.32,9.17,6.15,17.32
DDB_G0287603,6.77,2.07,3.92,3.56,3.96,4.35,0.99
DDB_G0290299,12.61,5.37,7.28,5.88,6.14,0.82,4.05
DDB_G0291318,26.7,9.86,15.28,19.05,9.66,8.04,6.95
DDB_G0268054,2.37,1.38,1.35,2.74,0,0.41,0.53
DDB_G0283283,276.56,223,157.49,136.81,123.72,78.83,62.33
DDB_G0283973,18.52,10.8,10.52,6.2,4.72,3.37,2.82
DDB_G0280293,12.3,9.14,6.98,24.95,85.39,65.36,59.12
DDB_G0271310,4.85,1.17,2.74,2.68,2.61,1.38,2.15
DDB_G0269282,52.65,19.19,29.65,27.81,24.73,22.88,11.82
DDB_G0295715,4.06,2.6,2.28,4.19,3.83,5.15,5.85
DDB_G0284897,20.19,10.39,11.32,11.76,15.27,11.56,10.58
DDB_G0283411,162.49,23.6,90.6,144.23,148.83,165.3,171.28
DDB_G0271544,213.28,231.98,117.97,109.34,158.98,220.54,343.05
DDB_G0292250,105.42,19.29,58.08,65.71,63.88,22.6,25.96
DDB_G0283533,12.63,6.85,6.94,11.65,5.98,6.65,10.42
DDB_G0285053,16.28,26.92,8.91,6.93,4.62,3.52,216.54
DDB_G0267890,14.16,6.94,7.65,23.95,24.9,18.79,26.02
DDB_G0287811,124.7,43.71,67.38,37.22,11.79,7.91,10.97
DDB_G0284959,0.8,1.3,0.43,0.27,0.33,0.12,0
DDB_G0272232,35.06,37.44,18.94,17.44,8.59,5.24,4.89
DDB_G0285339,5.68,5.25,3.06,3.19,2.29,13.52,20.88
DDB_G0289469,10.47,4.23,5.63,4.46,3.92,3.53,4.27
DDB_G0284583,92.87,76.02,49.76,26.16,8.52,10.21,15.32
DDB_G0279009,18.1,7.38,9.68,18.46,6.19,11.42,10.38
DDB_G0289461,6.81,2.15,3.62,3.91,2.87,1.29,3.11
DDB_G0288387,59.45,17.23,31.58,75.51,68.91,87.93,132.09
DDB_G0290875,1.01,0.56,0.53,1.53,0.68,0.74,0.09
DDB_G0283275,12.65,10.73,6.66,5.71,4.49,4.19,3.71
DDB_G0270500,8.19,7.31,4.28,12.22,8.75,5.32,3.95
DDB_G0280569,565.1,202.45,291.96,280.8,273.17,212.22,154.27
DDB_G0292722,2.91,2.6,1.5,0.72,0.42,0.22,1.12
DDB_G0271630,43.18,31.68,22.19,20.61,15.55,11.83,9.71
DDB_G0293246,6.62,1.05,3.4,4.09,4.45,3.31,4.94
DDB_G0273417,0.41,0.2,0.21,0.53,0.77,1.73,0.68
DDB_G0275257,12.26,2.92,6.23,5.18,5.89,2.06,2.14
DDB_G0288903,10.42,3.29,5.25,6.91,6.1,5.07,7.17
DDB_G0288983,23.33,7.79,11.75,12.6,11.91,6.24,5.14
DDB_G0276099,217.65,93.83,108.93,100.68,56.63,30.21,29.72
DDB_G0285969,43.43,83.62,21.67,31.1,29.05,22.98,15.94
DDB_G0274257,5.27,2.23,2.63,1.83,0.83,1.31,2.56
DDB_G0286955,4.55,1.74,2.24,4.69,2.95,3.55,3.77
DDB_G0271842,108.24,25.88,53.22,36.4,19.9,13.95,14.43
DDB_G0283861,9.82,6.7,4.8,11.06,9.79,11.15,13.6
DDB_G0289679,161.46,105.01,78.14,60.2,29.75,17.73,19.09
DDB_G0291910,2.34,1.29,1.13,1.25,0.35,1.24,0.7
DDB_G0289179,1841.53,899.55,890.52,1656.96,841.34,182.35,94.12
DDB_G0293126,13.76,9.77,6.58,5.23,3.69,1.68,3.09
DDB_G0293480,35.59,21.42,17.01,21.78,16.27,10.66,10.15
DDB_G0284249,70.01,32.01,33.27,32.4,23.49,18.31,11.48
DDB_G0287839,23.78,5.97,11.22,26.14,43.06,69.91,49.38
DDB_G0274339,823.21,404.23,386.75,344.92,296.24,397.71,365.24
DDB_G0283799,2.53,0.26,1.18,0.91,1.5,1.02,1.65
DDB_G0286429,17.06,7.72,7.95,19.84,7.25,7.6,5.17
DDB_G0278345,405.1,42.97,188.5,213.87,255,385.57,660.77
DDB_G0278471,21.54,2.6,9.94,15.01,26.72,14.26,13.01
DDB_G0275071,23.35,9.73,10.76,10.88,8.09,7.21,4.86
DDB_G0275933,2.91,1.68,1.33,1.35,0.68,1.21,1.05
DDB_G0279827,47.21,6.89,21.36,38.37,50.93,61.75,53.42
DDB_G0292882,50,19.47,22.56,18.52,11.62,9.44,10.21
DDB_G0267492,53.99,48.31,24.12,22.16,17.53,9.33,10.76
DDB_G0267966,118.19,43.77,52.62,129.02,122.46,127.87,124.75
DDB_G0291299,2.47,1.16,1.1,1.42,1.12,2.34,1.61
DDB_G0278195,3.42,0.31,1.52,1.81,0.55,1.22,1.41
DDB_G0268020,81.53,26,36,37.93,36.46,50.4,69.32
DDB_G0275311,444.57,265.41,195.97,127.95,100.17,65.81,82.72
DDB_G0272230,4.52,2,1.98,1.8,1.64,0.92,0.5
DDB_G0288155,80.34,76.55,35.03,29.26,25,21.18,18.55
DDB_G0267656,1.59,0.62,0.69,1.59,0.9,1.6,0.48
DDB_G0285899,310.96,43.97,133.15,115.43,138.08,304.01,316.52
DDB_G0293514,1.25,3.73,0.53,0.67,0.25,0.45,0.13
DDB_G0295753,22.36,5.73,9.4,25.93,29.66,34.47,47.67
DDB_G0278079,7.41,2.58,3.11,2.32,1.56,4.56,2.57
DDB_G0278333,208.74,47.41,87.18,63.45,34.01,24.64,21.81
DDB_G0271866,15.57,6.85,6.43,20.54,13.67,9.3,8.73
DDB_G0277721,17.25,4.64,7.07,12.33,30.01,13.59,8.62
DDB_G0273459,31.29,24.71,12.78,9.9,4.53,5.31,3.27
DDB_G0282097,1199.68,518.04,486.69,285.49,150.54,101.38,80.76
DDB_G0285825,1.8,2.61,0.73,1.23,1.72,0.95,0.41
DDB_G0278947,13.58,18.2,5.44,3.34,2.83,11.8,65.63
DDB_G0278455,4.51,8.6,1.8,2.43,1.75,2.33,1.4
DDB_G0269756,14.5,5.19,5.77,5.15,3.69,3.86,3.84
DDB_G0291866,194.87,88.3,76.57,58.38,40.87,37.73,41.73
DDB_G0269038,361.22,223.37,141.87,114.65,81.8,46.5,44.4
DDB_G0285509,245.61,33.52,96.34,87.72,68.7,74.13,71.07
DDB_G0285003,0.62,0.05,0.24,0.34,0.44,0.43,0.27
DDB_G0277891,0.88,0.66,0.34,0.68,3.06,16.15,9.04
DDB_G0288169,43.91,16.68,17.04,24.1,12.23,9.77,6.68
DDB_G0280763,40.72,17.47,15.53,41.28,31.21,30.45,26.98
DDB_G0267604,7.22,0.92,2.74,1.25,0.73,0.61,0.85
DDB_G0289521,164.1,9.35,62.21,24.97,4.3,4.88,8.42
DDB_G0289183,5.7,1.03,2.16,2.71,4.71,2.51,1.5
DDB_G0289991,5.97,2.72,2.2,3.62,1.75,2.64,3.45
DDB_G0288541,139.92,18.33,51.5,152.61,216.41,260.52,217.78
DDB_G0288921,11.86,4.71,4.35,7.34,7.37,6.28,5.99
DDB_G0275059,9.54,19.93,3.48,4.63,2.62,2.64,1.57
DDB_G0276073,26.07,5.52,9.36,6.77,8.68,3.54,3.15
DDB_G0277155,7.41,4.68,2.64,3.24,2.06,1.81,2.52
DDB_G0278415,5.63,1.87,1.99,2.26,3.04,4.7,3.93
DDB_G0277347,2.92,1.21,1.03,0.93,0.55,0.78,0.93
DDB_G0270482,5.44,1.96,1.91,2.46,1.79,1.64,1.51
DDB_G0283813,215.97,258.64,75.73,48.66,115.15,149.09,124.26
DDB_G0290479,19.93,7.99,6.98,7.14,5.44,10.34,10.75
DDB_G0349487,18.57,8.92,6.43,10.11,9.43,9.11,15.22
DDB_G0280401,28.05,11.92,9.67,12.72,15.24,11.47,10.16
DDB_G0282599,5.41,2.58,1.85,2.75,1.88,1.37,1.69
DDB_G0285399,179.62,30.21,61.52,108.32,63.04,60.22,61.44
DDB_G0280083,5.39,1.56,1.82,2.8,3.77,2.88,2.37
DDB_G0284799,25.72,30.33,8.65,9.91,5.75,6.58,9.53
DDB_G0275895,13.88,1.65,4.61,7.62,6.44,2.91,1.81
DDB_G0286517,2.66,1.5,0.88,1.16,0.72,1,1.62
DDB_G0285921,3.71,1.25,1.22,2.93,2.67,1.74,1.8
DDB_G0293388,113.57,20.46,36.67,46.56,42.47,50.4,91.56
DDB_G0269118,993.5,249.88,320.08,194.62,155.1,75.71,82.97
DDB_G0290721,35.73,6.38,11.44,18.64,15.48,37.8,21.03
DDB_G0276241,546.18,376.62,174.62,80.34,35.45,25.37,21.92
DDB_G0285759,7.76,8.71,2.48,2.28,1.09,1.2,0.74
DDB_G0277335,2.01,0.27,0.62,0.68,0,0.12,0.21
DDB_G0290401,63.7,5.93,19.43,30.11,41.84,71.21,86.11
DDB_G0292730,22.74,4.05,6.91,11.16,14.02,25.93,16.48
DDB_G0276777,30.03,6.25,9.12,13.52,6.56,12.19,7.44
DDB_G0293042,5.34,1.64,1.61,4.14,2.35,2.01,1.12
DDB_G0288647,50.96,14.34,15.31,33.56,38.1,29.41,29
DDB_G0293090,28.05,13.55,8.38,6.41,4.84,5.16,5.77
DDB_G0294042,551.53,168.51,163.99,59.44,62.61,49.69,40.11
DDB_G0293874,520.9,270.55,154.57,197.31,605.79,1021.05,832.96
DDB_G0288777,260.64,92.57,77.25,61.61,51.13,26.03,22.96
DDB_G0288093,13.15,3.5,3.87,5.44,5.7,3.86,4.67
DDB_G0287009,2.61,1.41,0.77,2.03,0.97,1.36,0.99
DDB_G0268518,7.69,0.98,2.25,10.06,13.03,5.04,3.47
DDB_G0276121,3.99,1.79,1.16,2.03,1.6,1.73,1.7
DDB_G0276615,64.07,7.01,18.58,118.12,72.72,53.39,35.64
DDB_G0287859,62.38,15.33,17.97,40.4,17.75,16.56,15.99
DDB_G0281699,12.94,2.79,3.72,4.07,3.44,2.08,1.95
DDB_G0268104,343.96,209.66,97.41,75.09,57.24,88.8,57.2
DDB_G0275953,4.82,3.78,1.35,1.26,1.23,1.13,0.92
DDB_G0269394,2.24,0.18,0.62,3.33,5.05,3,1.61
DDB_G0293064,12.28,2.85,3.4,4.37,4.18,3.72,5.02
DDB_G0287773,32.4,30.27,8.94,14.22,8.42,10.63,12.52
DDB_G0269470,6.55,1.73,1.8,2.3,1.4,0.88,1.18
DDB_G0290197,7.33,2.01,2.01,2.9,1.54,2.42,3.72
DDB_G0272518,2.17,0.45,0.59,0.67,0.31,0.9,1.3
DDB_G0289081,65.3,10.5,17.86,25.11,29.7,17.1,18.88
DDB_G0277877,27.46,6.19,7.38,16.41,10.94,9.53,9.46
DDB_G0268664,458.57,260.66,121.97,87.22,57.18,38.81,50.45
DDB_G0280801,22.14,10.15,5.76,6.34,5.47,4.28,5.37
DDB_G0275069,35.24,6.81,9.14,10.61,10.79,17.28,11.56
DDB_G0289085,323.68,55.65,83.77,155.65,77.65,60.46,45.61
DDB_G0275501,85.45,17.64,22.05,17.63,9.83,4.26,7.35
DDB_G0270658,1212.58,300.93,311.27,522.41,831.88,1583.28,1150.46
DDB_G0278789,23.26,5.49,5.85,16.09,48.38,45.43,36.63
DDB_G0274371,2.27,0.77,0.57,1.51,1.12,1.79,0.94
DDB_G0287255,30.08,3.94,7.41,24.27,18.55,14.94,43.6
DDB_G0292600,1969.06,977.29,479.12,375.25,659.01,377.88,200.35
DDB_G0287621,65,4.51,15.5,14.46,8,3.77,3.1
DDB_G0295755,230.06,209.88,53.74,50.26,137.48,165.37,138.64
DDB_G0278229,40.13,2.69,9.29,11.81,14.53,4.54,5.3
DDB_G0282517,55.38,31.26,12.77,11.16,10.17,10.46,7.8
DDB_G0284947,629.37,168.88,144.91,121.79,73.22,45.5,46.24
DDB_G0269880,1.19,0.49,0.27,1.68,0.89,2.81,0.75
DDB_G0283175,22,1.55,4.99,4.81,2.1,1.74,2.2
DDB_G0274407,42.62,7.78,9.63,8.23,7.05,2.97,5
DDB_G0284547,20.39,8.86,4.51,8.25,6.41,4.39,5.54
DDB_G0282937,45.21,22.58,9.87,21.06,24.64,47.89,32.98
DDB_G0288989,3.89,0.83,0.82,0.73,1.68,1.1,0.76
DDB_G0268114,10.73,1.86,2.26,4.13,2.59,1.6,1.07
DDB_G0294597,21.8,7.52,4.55,5.53,3.45,1.96,2.37
DDB_G0278635,47.48,1.67,9.89,16.7,18.38,54.19,56.86
DDB_G0270070,37.16,13.48,7.74,11.96,7.15,6.99,7.97
DDB_G0289325,621.68,447.44,125.38,99.92,56.8,37.22,35.3
DDB_G0277851,146.63,10.12,29.49,31.81,19.55,21.37,15.37
DDB_G0292594,493.31,205.08,98.39,66.37,45.97,39.56,40.66
DDB_G0282651,3.14,1.44,0.62,0.38,0.31,0.79,0.3
DDB_G0283573,358.61,59.43,70.55,36.98,23.26,29.8,44.29
DDB_G0277701,34.63,3.58,6.81,12.33,14.76,14.65,5.71
DDB_G0288181,152.39,39.78,29.77,38.11,19.8,12.59,14.47
DDB_G0278095,229.73,99.82,43.89,36.12,25.19,17.6,16.48
DDB_G0289203,1.74,1.12,0.33,2.59,6.85,20,13.67
DDB_G0286239,171.45,34.55,31.6,42.9,37.32,34.21,33.98
DDB_G0280819,21.95,3.62,3.97,8.44,10.19,6.95,5.81
DDB_G0276947,3.45,1.41,0.62,1.23,0.99,2.97,1.53
DDB_G0287469,1333.45,102.93,239.92,279.69,171.57,222.48,230.65
DDB_G0292602,17.68,5.06,3.15,3.83,3.54,6.4,4.15
DDB_G0286399,7.59,2.08,1.35,2.92,2.61,1.53,1.56
DDB_G0281219,397.08,45,69.82,39.55,29.49,32.54,23.44
DDB_G0271848,1460.01,522.12,252.86,127.68,68.12,77.49,77.89
DDB_G0278779,529.79,615.43,91.11,62.36,96.89,106.89,158.85
DDB_G0293904,20.38,4.13,3.47,3.73,2.55,2.93,2.09
DDB_G0293298,160.81,27.12,27,36.76,124.08,232.55,252.21
DDB_G0280913,1,0.45,0.16,0.41,0.51,0.79,0.48
DDB_G0279911,610.83,613.36,99.37,71.13,36.6,47.38,52.59
DDB_G0281291,45.56,19.74,7.19,10.28,14.46,11.42,14.06
DDB_G0269046,72.72,113.97,10.99,14.35,8.76,10.9,13.57
DDB_G0270556,3.43,0.39,0.52,1.48,3.35,4.36,3.06
DDB_G0272210,253.93,157.55,37.75,37.38,17.98,18.78,19.61
DDB_G0283271,29.89,12.81,4.4,3.3,2.35,4.14,4.02
DDB_G0293646,589.17,128.64,83.29,88.62,40.56,82.63,126
DDB_G0267592,37.86,3.59,5.34,14.98,9.36,13.22,8.93
DDB_G0273069,6488.54,1800.87,893.72,843.2,1089.83,1808.48,1309.73
DDB_G0287215,4.03,0.46,0.53,0.84,1.3,1.21,1.43
DDB_G0283847,12.73,2.89,1.61,3.76,3.56,4.3,4.51
DDB_G0295681,183.03,16.5,22.83,35.69,27.44,11.7,12.19
DDB_G0288831,113.97,16.64,13.91,20.2,16.65,12.13,20.97
DDB_G0289593,252.91,44.54,29.78,24.23,14.61,18.12,20.77
DDB_G0291281,51.9,25.14,6.06,4.41,5.25,4.97,4.13
DDB_G0278571,699.15,131.12,81.3,51.04,68.01,200.53,269.89
DDB_G0293556,48.33,4.85,5.58,4.1,2.17,2.87,9.77
DDB_G0267712,68.03,32.12,7.3,12.27,4.79,7.82,7.5
DDB_G0275831,24.06,5.4,2.55,3.8,1.63,2.06,0.59
DDB_G0271344,168.58,24.36,17.22,17.35,16.83,14.75,16.45
DDB_G0276039,20.18,3.25,2.06,3.63,2.99,3.27,2.12
DDB_G0269916,1528.95,1362.41,154.89,103.79,68.81,65.96,137.79
DDB_G0275537,514.12,64.54,51.68,71.1,46.67,53.3,62.31
DDB_G0275049,244.13,46.69,24.44,34.23,21.12,28.22,28.23
DDB_G0283329,46.1,13.42,4.33,4.43,3.66,2.75,4.22
DDB_G0272787,10.64,1.37,0.99,0.62,0.66,1.05,0.61
DDB_G0272636,17.73,2.5,1.63,2.22,2.07,1.64,2.09
DDB_G0269812,9.61,2.24,0.86,0.77,1.13,0.69,0.1
DDB_G0278805,21.06,6.5,1.83,3.72,8.88,56.24,23.32
DDB_G0271790,88.81,10.31,6.98,10.42,4.22,3.28,3.21
DDB_G0287335,94.69,9.07,7.05,22.32,6.84,8.59,9.27
DDB_G0276899,183.69,15.09,13.33,9.24,6.46,3.4,2.36
DDB_G0269226,66.49,5.47,4.75,5.56,4.35,10.87,6.55
DDB_G0282141,8002.24,813.17,562.19,585.01,345.65,347.38,368.8
DDB_G0282267,23.99,26.27,1.65,4.9,2,4.41,2.23
DDB_G0291988,341.32,212.26,23.35,23.26,8.53,13.72,12.25
DDB_G0281437,143.87,38.35,9.8,15.42,10.13,22.55,46.77
DDB_G0267454,6639.41,1424.32,422.83,568.16,327.03,286.48,284.55
DDB_G0293872,356.1,27.74,22.5,28.9,19,21.42,24.28
DDB_G0291828,18.29,2.77,1.13,5.04,4.72,2.66,3.52
DDB_G0288101,785.52,458.26,48.47,57.15,35.86,42.1,97.5
DDB_G0293558,2224.9,883.31,136.71,160.84,102.89,171.06,464.12
DDB_G0286637,216.19,11.71,13.21,23.5,31.11,53.59,64.79
DDB_G0281549,42.45,4.06,2.45,4.25,2.47,2.05,1.72
DDB_G0283727,109.4,9.02,5.66,10.22,6.89,18.21,7.19
DDB_G0289157,647.12,100.74,33.13,34.34,15.89,29.98,41.87
DDB_G0282143,16200.4,1324.02,791.97,623.45,234.39,350.1,370.4
DDB_G0288461,191.94,18.43,9.01,16.78,43.26,22.4,31.1
DDB_G0286181,67.79,6.57,2.65,3.9,2.85,1.17,6.07
DDB_G0267418,2956.73,879.57,92.3,140.79,245.83,1394.78,3393.17
DDB_G0267600,0,0,0.285943912,0.241738237,0.122337742,0.289315672,1.504256267
DDB_G0269124,0.319218004,0.947181415,602.5254757,848.5304887,1470.185259,1976.523077,1391.410648
DDB_G0273013,12.67732157,24.58867917,32.79871477,30.07815096,26.66000728,20.16966241,18.97588025
DDB_G0274951,0,0.809726734,1.478981739,0.300306544,0,0.271013281,0.464549666
DDB_G0276261,3.218220713,1.827924036,48.27149835,102.549675,62.87982503,72.50941512,68.0753572
DDB_G0277215,0.171983695,0,0.608942726,1.156964853,6.982136911,3.041435544,65.58729288
DDB_G0277839,105.08968,8.578950753,22.47727215,5.865804033,2.840361254,2.204308987,2.286669775
DDB_G0281033,108.5433591,82.49407459,62.96017839,90.76600711,47.02456439,27.30168657,28.75564022
DDB_G0282527,2.452169399,1.814987071,1.212194399,1.024042077,1.326377231,1.496149348,0.796646621
DDB_G0282727,1.896848678,7.303698655,11.18107639,13.82893934,15.4622006,11.38339258,9.667317503
DDB_G0283811,0,0.459700127,10.86169622,24.66777544,9.854089936,7.952942834,45.65905867
DDB_G0284291,2.223744741,3.70348266,1.243292693,3.013360051,2.259452511,3.204973888,3.619874638
DDB_G0286765,1.113256393,11.08103432,28.00518629,34.09753914,80.36510749,120.5369782,122.6596343
DDB_G0287199,1.256054179,230.7178509,561.5588746,256.6458707,236.3498109,292.1162197,209.0964307
DDB_G0287771,0,0,0.284657159,0,0,0,0.160948568
DDB_G0287791,0,0.61724711,2.486585386,1.094640112,0.614501396,0.655782191,0
DDB_G0289645,6.126375536,39.16513872,26.5118337,24.24690693,15.14478444,4.417300418,5.08330305
DDB_G0290599,12.77850732,20.1817886,76.93183715,94.57426899,31.76334283,37.0233508,21.99122239
DDB_G0290787,1.866158181,9.336811446,26.11108924,32.79492081,30.06790735,22.4103546,21.81202554
DDB_G0290827,0,0,0.422699696,0.356543548,0.762455974,0.641526056,0.648157467
DDB_G0294024,80.11129858,245.981771,286.0918431,92.75451791,110.6476264,68.89693408,66.39460427
DDB_G0294080,71.55484417,256.6572899,146.9930071,41.39534138,47.19180162,42.08135369,28.74253895
DDB_G0294423,83.82978158,164.8200581,136.6562572,50.67062902,54.50952503,52.77351185,37.53126477
DDB_G0295825,0.757992193,2.185261066,5.947008416,5.95868275,8.497140149,4.638504532,4.004583289
DDB_G0287783,31.19854672,54.60371901,44.09456967,32.19908015,23.75922863,15.86851896,15.4983979